geometry_profile,source_family,experiment_id,degradation,coarse_method,method_name,refiner_name,alpha,output_path,off_map_ratio,boundary_violation_count,internal_wall_crossing_count,door_valid_crossing_count,infeasible_transition_count,total_points,total_segments
canonical_room3_wall_door_v1,phase1_baseline,span10_fixed_seed42,,,kalman_cv_dt1.0_q1e-3_r1e-2,,,/Users/shangshanchong/Desktop/pytorch_env_check/trajectory_ddpm_mvp/SingularTrajectory/outputs/stage3/phase1/canonical_room3/baselines/span10_fixed_seed42/kalman_cv_dt1.0_q1e-3_r1e-2/results.npz,1.1088625842042525e-05,8,11346,5055,6304,721460,685387
canonical_room3_wall_door_v1,phase1_baseline,span10_fixed_seed42,,,linear_interp,,,/Users/shangshanchong/Desktop/pytorch_env_check/trajectory_ddpm_mvp/SingularTrajectory/outputs/stage3/phase1/canonical_room3/baselines/span10_fixed_seed42/linear_interp/results.npz,0.0,0,11235,4999,6236,721460,685387
canonical_room3_wall_door_v1,phase1_baseline,span10_fixed_seed42,,,savgol_w5_p2,,,/Users/shangshanchong/Desktop/pytorch_env_check/trajectory_ddpm_mvp/SingularTrajectory/outputs/stage3/phase1/canonical_room3/baselines/span10_fixed_seed42/savgol_w5_p2/results.npz,2.772156460510631e-06,2,11225,5005,6222,721460,685387
canonical_room3_wall_door_v1,phase1_baseline,span20_fixed_seed42,,,kalman_cv_dt1.0_q1e-3_r1e-2,,,/Users/shangshanchong/Desktop/pytorch_env_check/trajectory_ddpm_mvp/SingularTrajectory/outputs/stage3/phase1/canonical_room3/baselines/span20_fixed_seed42/kalman_cv_dt1.0_q1e-3_r1e-2/results.npz,6.375959859174451e-05,46,11722,5156,6634,721460,685387
canonical_room3_wall_door_v1,phase1_baseline,span20_fixed_seed42,,,linear_interp,,,/Users/shangshanchong/Desktop/pytorch_env_check/trajectory_ddpm_mvp/SingularTrajectory/outputs/stage3/phase1/canonical_room3/baselines/span20_fixed_seed42/linear_interp/results.npz,0.0,0,11223,5014,6209,721460,685387
canonical_room3_wall_door_v1,phase1_baseline,span20_fixed_seed42,,,savgol_w5_p2,,,/Users/shangshanchong/Desktop/pytorch_env_check/trajectory_ddpm_mvp/SingularTrajectory/outputs/stage3/phase1/canonical_room3/baselines/span20_fixed_seed42/savgol_w5_p2/results.npz,2.772156460510631e-06,2,11219,5018,6203,721460,685387
canonical_room3_wall_door_v1,phase1_baseline,span20_random_seed0,,,kalman_cv_dt1.0_q1e-3_r1e-2,,,/Users/shangshanchong/Desktop/pytorch_env_check/trajectory_ddpm_mvp/SingularTrajectory/outputs/stage3/phase1/canonical_room3/baselines/span20_random_seed0/kalman_cv_dt1.0_q1e-3_r1e-2/results.npz,4.989881628919136e-05,36,11649,5128,6576,721460,685387
canonical_room3_wall_door_v1,phase1_baseline,span20_random_seed0,,,linear_interp,,,/Users/shangshanchong/Desktop/pytorch_env_check/trajectory_ddpm_mvp/SingularTrajectory/outputs/stage3/phase1/canonical_room3/baselines/span20_random_seed0/linear_interp/results.npz,0.0,0,11229,5005,6224,721460,685387
canonical_room3_wall_door_v1,phase1_baseline,span20_random_seed0,,,savgol_w5_p2,,,/Users/shangshanchong/Desktop/pytorch_env_check/trajectory_ddpm_mvp/SingularTrajectory/outputs/stage3/phase1/canonical_room3/baselines/span20_random_seed0/savgol_w5_p2/results.npz,2.772156460510631e-06,2,11222,5006,6218,721460,685387
canonical_room3_wall_door_v1,phase1_baseline,span20_random_seed1,,,kalman_cv_dt1.0_q1e-3_r1e-2,,,/Users/shangshanchong/Desktop/pytorch_env_check/trajectory_ddpm_mvp/SingularTrajectory/outputs/stage3/phase1/canonical_room3/baselines/span20_random_seed1/kalman_cv_dt1.0_q1e-3_r1e-2/results.npz,4.43545033681701e-05,32,11611,5119,6543,721460,685387
canonical_room3_wall_door_v1,phase1_baseline,span20_random_seed1,,,linear_interp,,,/Users/shangshanchong/Desktop/pytorch_env_check/trajectory_ddpm_mvp/SingularTrajectory/outputs/stage3/phase1/canonical_room3/baselines/span20_random_seed1/linear_interp/results.npz,0.0,0,11225,5011,6214,721460,685387
canonical_room3_wall_door_v1,phase1_baseline,span20_random_seed1,,,savgol_w5_p2,,,/Users/shangshanchong/Desktop/pytorch_env_check/trajectory_ddpm_mvp/SingularTrajectory/outputs/stage3/phase1/canonical_room3/baselines/span20_random_seed1/savgol_w5_p2/results.npz,2.772156460510631e-06,2,11222,5013,6211,721460,685387
canonical_room3_wall_door_v1,phase1_baseline,span20_random_seed10,,,kalman_cv_dt1.0_q1e-3_r1e-2,,,/Users/shangshanchong/Desktop/pytorch_env_check/trajectory_ddpm_mvp/SingularTrajectory/outputs/stage3/phase1/canonical_room3/baselines/span20_random_seed10/kalman_cv_dt1.0_q1e-3_r1e-2/results.npz,5.267097274970199e-05,38,11590,5140,6507,721460,685387
canonical_room3_wall_door_v1,phase1_baseline,span20_random_seed10,,,linear_interp,,,/Users/shangshanchong/Desktop/pytorch_env_check/trajectory_ddpm_mvp/SingularTrajectory/outputs/stage3/phase1/canonical_room3/baselines/span20_random_seed10/linear_interp/results.npz,0.0,0,11221,5006,6215,721460,685387
canonical_room3_wall_door_v1,phase1_baseline,span20_random_seed10,,,savgol_w5_p2,,,/Users/shangshanchong/Desktop/pytorch_env_check/trajectory_ddpm_mvp/SingularTrajectory/outputs/stage3/phase1/canonical_room3/baselines/span20_random_seed10/savgol_w5_p2/results.npz,2.772156460510631e-06,2,11210,5006,6206,721460,685387
canonical_room3_wall_door_v1,phase1_baseline,span20_random_seed11,,,kalman_cv_dt1.0_q1e-3_r1e-2,,,/Users/shangshanchong/Desktop/pytorch_env_check/trajectory_ddpm_mvp/SingularTrajectory/outputs/stage3/phase1/canonical_room3/baselines/span20_random_seed11/kalman_cv_dt1.0_q1e-3_r1e-2/results.npz,3.0493721065616942e-05,22,11599,5130,6503,721460,685387
canonical_room3_wall_door_v1,phase1_baseline,span20_random_seed11,,,linear_interp,,,/Users/shangshanchong/Desktop/pytorch_env_check/trajectory_ddpm_mvp/SingularTrajectory/outputs/stage3/phase1/canonical_room3/baselines/span20_random_seed11/linear_interp/results.npz,0.0,0,11231,5020,6211,721460,685387
canonical_room3_wall_door_v1,phase1_baseline,span20_random_seed11,,,savgol_w5_p2,,,/Users/shangshanchong/Desktop/pytorch_env_check/trajectory_ddpm_mvp/SingularTrajectory/outputs/stage3/phase1/canonical_room3/baselines/span20_random_seed11/savgol_w5_p2/results.npz,2.772156460510631e-06,2,11224,5024,6202,721460,685387
canonical_room3_wall_door_v1,phase1_baseline,span20_random_seed12,,,kalman_cv_dt1.0_q1e-3_r1e-2,,,/Users/shangshanchong/Desktop/pytorch_env_check/trajectory_ddpm_mvp/SingularTrajectory/outputs/stage3/phase1/canonical_room3/baselines/span20_random_seed12/kalman_cv_dt1.0_q1e-3_r1e-2/results.npz,6.791783328251046e-05,49,11609,5111,6573,721460,685387
canonical_room3_wall_door_v1,phase1_baseline,span20_random_seed12,,,linear_interp,,,/Users/shangshanchong/Desktop/pytorch_env_check/trajectory_ddpm_mvp/SingularTrajectory/outputs/stage3/phase1/canonical_room3/baselines/span20_random_seed12/linear_interp/results.npz,0.0,0,11229,5018,6211,721460,685387
canonical_room3_wall_door_v1,phase1_baseline,span20_random_seed12,,,savgol_w5_p2,,,/Users/shangshanchong/Desktop/pytorch_env_check/trajectory_ddpm_mvp/SingularTrajectory/outputs/stage3/phase1/canonical_room3/baselines/span20_random_seed12/savgol_w5_p2/results.npz,2.772156460510631e-06,2,11220,5021,6201,721460,685387
canonical_room3_wall_door_v1,phase1_baseline,span20_random_seed13,,,kalman_cv_dt1.0_q1e-3_r1e-2,,,/Users/shangshanchong/Desktop/pytorch_env_check/trajectory_ddpm_mvp/SingularTrajectory/outputs/stage3/phase1/canonical_room3/baselines/span20_random_seed13/kalman_cv_dt1.0_q1e-3_r1e-2/results.npz,5.544312921021262e-05,40,11603,5122,6544,721460,685387
canonical_room3_wall_door_v1,phase1_baseline,span20_random_seed13,,,linear_interp,,,/Users/shangshanchong/Desktop/pytorch_env_check/trajectory_ddpm_mvp/SingularTrajectory/outputs/stage3/phase1/canonical_room3/baselines/span20_random_seed13/linear_interp/results.npz,0.0,0,11221,5004,6217,721460,685387
canonical_room3_wall_door_v1,phase1_baseline,span20_random_seed13,,,savgol_w5_p2,,,/Users/shangshanchong/Desktop/pytorch_env_check/trajectory_ddpm_mvp/SingularTrajectory/outputs/stage3/phase1/canonical_room3/baselines/span20_random_seed13/savgol_w5_p2/results.npz,1.3860782302553156e-06,1,11220,5007,6214,721460,685387
canonical_room3_wall_door_v1,phase1_baseline,span20_random_seed14,,,kalman_cv_dt1.0_q1e-3_r1e-2,,,/Users/shangshanchong/Desktop/pytorch_env_check/trajectory_ddpm_mvp/SingularTrajectory/outputs/stage3/phase1/canonical_room3/baselines/span20_random_seed14/kalman_cv_dt1.0_q1e-3_r1e-2/results.npz,5.821528567072325e-05,42,11633,5150,6544,721460,685387
canonical_room3_wall_door_v1,phase1_baseline,span20_random_seed14,,,linear_interp,,,/Users/shangshanchong/Desktop/pytorch_env_check/trajectory_ddpm_mvp/SingularTrajectory/outputs/stage3/phase1/canonical_room3/baselines/span20_random_seed14/linear_interp/results.npz,0.0,0,11227,5016,6211,721460,685387
canonical_room3_wall_door_v1,phase1_baseline,span20_random_seed14,,,savgol_w5_p2,,,/Users/shangshanchong/Desktop/pytorch_env_check/trajectory_ddpm_mvp/SingularTrajectory/outputs/stage3/phase1/canonical_room3/baselines/span20_random_seed14/savgol_w5_p2/results.npz,2.772156460510631e-06,2,11226,5017,6211,721460,685387
canonical_room3_wall_door_v1,phase1_baseline,span20_random_seed15,,,kalman_cv_dt1.0_q1e-3_r1e-2,,,/Users/shangshanchong/Desktop/pytorch_env_check/trajectory_ddpm_mvp/SingularTrajectory/outputs/stage3/phase1/canonical_room3/baselines/span20_random_seed15/kalman_cv_dt1.0_q1e-3_r1e-2/results.npz,5.544312921021262e-05,40,11605,5112,6555,721460,685387
canonical_room3_wall_door_v1,phase1_baseline,span20_random_seed15,,,linear_interp,,,/Users/shangshanchong/Desktop/pytorch_env_check/trajectory_ddpm_mvp/SingularTrajectory/outputs/stage3/phase1/canonical_room3/baselines/span20_random_seed15/linear_interp/results.npz,0.0,0,11227,5009,6218,721460,685387
canonical_room3_wall_door_v1,phase1_baseline,span20_random_seed15,,,savgol_w5_p2,,,/Users/shangshanchong/Desktop/pytorch_env_check/trajectory_ddpm_mvp/SingularTrajectory/outputs/stage3/phase1/canonical_room3/baselines/span20_random_seed15/savgol_w5_p2/results.npz,2.772156460510631e-06,2,11221,5011,6212,721460,685387
canonical_room3_wall_door_v1,phase1_baseline,span20_random_seed16,,,kalman_cv_dt1.0_q1e-3_r1e-2,,,/Users/shangshanchong/Desktop/pytorch_env_check/trajectory_ddpm_mvp/SingularTrajectory/outputs/stage3/phase1/canonical_room3/baselines/span20_random_seed16/kalman_cv_dt1.0_q1e-3_r1e-2/results.npz,5.821528567072325e-05,42,11626,5120,6570,721460,685387
canonical_room3_wall_door_v1,phase1_baseline,span20_random_seed16,,,linear_interp,,,/Users/shangshanchong/Desktop/pytorch_env_check/trajectory_ddpm_mvp/SingularTrajectory/outputs/stage3/phase1/canonical_room3/baselines/span20_random_seed16/linear_interp/results.npz,0.0,0,11223,5009,6214,721460,685387
canonical_room3_wall_door_v1,phase1_baseline,span20_random_seed16,,,savgol_w5_p2,,,/Users/shangshanchong/Desktop/pytorch_env_check/trajectory_ddpm_mvp/SingularTrajectory/outputs/stage3/phase1/canonical_room3/baselines/span20_random_seed16/savgol_w5_p2/results.npz,2.772156460510631e-06,2,11219,5014,6207,721460,685387
canonical_room3_wall_door_v1,phase1_baseline,span20_random_seed17,,,kalman_cv_dt1.0_q1e-3_r1e-2,,,/Users/shangshanchong/Desktop/pytorch_env_check/trajectory_ddpm_mvp/SingularTrajectory/outputs/stage3/phase1/canonical_room3/baselines/span20_random_seed17/kalman_cv_dt1.0_q1e-3_r1e-2/results.npz,5.682920744046794e-05,41,11652,5115,6596,721460,685387
canonical_room3_wall_door_v1,phase1_baseline,span20_random_seed17,,,linear_interp,,,/Users/shangshanchong/Desktop/pytorch_env_check/trajectory_ddpm_mvp/SingularTrajectory/outputs/stage3/phase1/canonical_room3/baselines/span20_random_seed17/linear_interp/results.npz,0.0,0,11217,5008,6209,721460,685387
canonical_room3_wall_door_v1,phase1_baseline,span20_random_seed17,,,savgol_w5_p2,,,/Users/shangshanchong/Desktop/pytorch_env_check/trajectory_ddpm_mvp/SingularTrajectory/outputs/stage3/phase1/canonical_room3/baselines/span20_random_seed17/savgol_w5_p2/results.npz,2.772156460510631e-06,2,11219,5011,6210,721460,685387
canonical_room3_wall_door_v1,phase1_baseline,span20_random_seed18,,,kalman_cv_dt1.0_q1e-3_r1e-2,,,/Users/shangshanchong/Desktop/pytorch_env_check/trajectory_ddpm_mvp/SingularTrajectory/outputs/stage3/phase1/canonical_room3/baselines/span20_random_seed18/kalman_cv_dt1.0_q1e-3_r1e-2/results.npz,7.484822443378704e-05,54,11595,5109,6565,721460,685387
canonical_room3_wall_door_v1,phase1_baseline,span20_random_seed18,,,linear_interp,,,/Users/shangshanchong/Desktop/pytorch_env_check/trajectory_ddpm_mvp/SingularTrajectory/outputs/stage3/phase1/canonical_room3/baselines/span20_random_seed18/linear_interp/results.npz,0.0,0,11219,5007,6212,721460,685387
canonical_room3_wall_door_v1,phase1_baseline,span20_random_seed18,,,savgol_w5_p2,,,/Users/shangshanchong/Desktop/pytorch_env_check/trajectory_ddpm_mvp/SingularTrajectory/outputs/stage3/phase1/canonical_room3/baselines/span20_random_seed18/savgol_w5_p2/results.npz,2.772156460510631e-06,2,11218,5011,6209,721460,685387
canonical_room3_wall_door_v1,phase1_baseline,span20_random_seed19,,,kalman_cv_dt1.0_q1e-3_r1e-2,,,/Users/shangshanchong/Desktop/pytorch_env_check/trajectory_ddpm_mvp/SingularTrajectory/outputs/stage3/phase1/canonical_room3/baselines/span20_random_seed19/kalman_cv_dt1.0_q1e-3_r1e-2/results.npz,5.544312921021262e-05,40,11597,5133,6523,721460,685387
canonical_room3_wall_door_v1,phase1_baseline,span20_random_seed19,,,linear_interp,,,/Users/shangshanchong/Desktop/pytorch_env_check/trajectory_ddpm_mvp/SingularTrajectory/outputs/stage3/phase1/canonical_room3/baselines/span20_random_seed19/linear_interp/results.npz,0.0,0,11225,5011,6214,721460,685387
canonical_room3_wall_door_v1,phase1_baseline,span20_random_seed19,,,savgol_w5_p2,,,/Users/shangshanchong/Desktop/pytorch_env_check/trajectory_ddpm_mvp/SingularTrajectory/outputs/stage3/phase1/canonical_room3/baselines/span20_random_seed19/savgol_w5_p2/results.npz,1.3860782302553156e-06,1,11227,5018,6210,721460,685387
canonical_room3_wall_door_v1,phase1_baseline,span20_random_seed2,,,kalman_cv_dt1.0_q1e-3_r1e-2,,,/Users/shangshanchong/Desktop/pytorch_env_check/trajectory_ddpm_mvp/SingularTrajectory/outputs/stage3/phase1/canonical_room3/baselines/span20_random_seed2/kalman_cv_dt1.0_q1e-3_r1e-2/results.npz,5.682920744046794e-05,41,11601,5102,6558,721460,685387
canonical_room3_wall_door_v1,phase1_baseline,span20_random_seed2,,,linear_interp,,,/Users/shangshanchong/Desktop/pytorch_env_check/trajectory_ddpm_mvp/SingularTrajectory/outputs/stage3/phase1/canonical_room3/baselines/span20_random_seed2/linear_interp/results.npz,0.0,0,11225,5007,6218,721460,685387
canonical_room3_wall_door_v1,phase1_baseline,span20_random_seed2,,,savgol_w5_p2,,,/Users/shangshanchong/Desktop/pytorch_env_check/trajectory_ddpm_mvp/SingularTrajectory/outputs/stage3/phase1/canonical_room3/baselines/span20_random_seed2/savgol_w5_p2/results.npz,1.3860782302553156e-06,1,11220,5012,6209,721460,685387
canonical_room3_wall_door_v1,phase1_baseline,span20_random_seed3,,,kalman_cv_dt1.0_q1e-3_r1e-2,,,/Users/shangshanchong/Desktop/pytorch_env_check/trajectory_ddpm_mvp/SingularTrajectory/outputs/stage3/phase1/canonical_room3/baselines/span20_random_seed3/kalman_cv_dt1.0_q1e-3_r1e-2/results.npz,4.574058159842542e-05,33,11570,5111,6509,721460,685387
canonical_room3_wall_door_v1,phase1_baseline,span20_random_seed3,,,linear_interp,,,/Users/shangshanchong/Desktop/pytorch_env_check/trajectory_ddpm_mvp/SingularTrajectory/outputs/stage3/phase1/canonical_room3/baselines/span20_random_seed3/linear_interp/results.npz,0.0,0,11231,5005,6226,721460,685387
canonical_room3_wall_door_v1,phase1_baseline,span20_random_seed3,,,savgol_w5_p2,,,/Users/shangshanchong/Desktop/pytorch_env_check/trajectory_ddpm_mvp/SingularTrajectory/outputs/stage3/phase1/canonical_room3/baselines/span20_random_seed3/savgol_w5_p2/results.npz,2.772156460510631e-06,2,11220,5011,6211,721460,685387
canonical_room3_wall_door_v1,phase1_baseline,span20_random_seed4,,,kalman_cv_dt1.0_q1e-3_r1e-2,,,/Users/shangshanchong/Desktop/pytorch_env_check/trajectory_ddpm_mvp/SingularTrajectory/outputs/stage3/phase1/canonical_room3/baselines/span20_random_seed4/kalman_cv_dt1.0_q1e-3_r1e-2/results.npz,6.23735203614892e-05,45,11625,5109,6582,721460,685387
canonical_room3_wall_door_v1,phase1_baseline,span20_random_seed4,,,linear_interp,,,/Users/shangshanchong/Desktop/pytorch_env_check/trajectory_ddpm_mvp/SingularTrajectory/outputs/stage3/phase1/canonical_room3/baselines/span20_random_seed4/linear_interp/results.npz,0.0,0,11215,5006,6209,721460,685387
canonical_room3_wall_door_v1,phase1_baseline,span20_random_seed4,,,savgol_w5_p2,,,/Users/shangshanchong/Desktop/pytorch_env_check/trajectory_ddpm_mvp/SingularTrajectory/outputs/stage3/phase1/canonical_room3/baselines/span20_random_seed4/savgol_w5_p2/results.npz,1.3860782302553156e-06,1,11213,5007,6207,721460,685387
canonical_room3_wall_door_v1,phase1_baseline,span20_random_seed42,,,kalman_cv_dt1.0_q1e-3_r1e-2,,,/Users/shangshanchong/Desktop/pytorch_env_check/trajectory_ddpm_mvp/SingularTrajectory/outputs/stage3/phase1/canonical_room3/baselines/span20_random_seed42/kalman_cv_dt1.0_q1e-3_r1e-2/results.npz,3.881019044714884e-05,28,11641,5145,6539,721460,685387
canonical_room3_wall_door_v1,phase1_baseline,span20_random_seed42,,,linear_interp,,,/Users/shangshanchong/Desktop/pytorch_env_check/trajectory_ddpm_mvp/SingularTrajectory/outputs/stage3/phase1/canonical_room3/baselines/span20_random_seed42/linear_interp/results.npz,0.0,0,11217,5011,6206,721460,685387
canonical_room3_wall_door_v1,phase1_baseline,span20_random_seed42,,,savgol_w5_p2,,,/Users/shangshanchong/Desktop/pytorch_env_check/trajectory_ddpm_mvp/SingularTrajectory/outputs/stage3/phase1/canonical_room3/baselines/span20_random_seed42/savgol_w5_p2/results.npz,1.3860782302553156e-06,1,11222,5012,6211,721460,685387
canonical_room3_wall_door_v1,phase1_baseline,span20_random_seed43,,,kalman_cv_dt1.0_q1e-3_r1e-2,,,/Users/shangshanchong/Desktop/pytorch_env_check/trajectory_ddpm_mvp/SingularTrajectory/outputs/stage3/phase1/canonical_room3/baselines/span20_random_seed43/kalman_cv_dt1.0_q1e-3_r1e-2/results.npz,7.623430266404236e-05,55,11613,5121,6575,721460,685387
canonical_room3_wall_door_v1,phase1_baseline,span20_random_seed43,,,linear_interp,,,/Users/shangshanchong/Desktop/pytorch_env_check/trajectory_ddpm_mvp/SingularTrajectory/outputs/stage3/phase1/canonical_room3/baselines/span20_random_seed43/linear_interp/results.npz,0.0,0,11225,5009,6216,721460,685387
canonical_room3_wall_door_v1,phase1_baseline,span20_random_seed43,,,savgol_w5_p2,,,/Users/shangshanchong/Desktop/pytorch_env_check/trajectory_ddpm_mvp/SingularTrajectory/outputs/stage3/phase1/canonical_room3/baselines/span20_random_seed43/savgol_w5_p2/results.npz,2.772156460510631e-06,2,11215,5008,6209,721460,685387
canonical_room3_wall_door_v1,phase1_baseline,span20_random_seed44,,,kalman_cv_dt1.0_q1e-3_r1e-2,,,/Users/shangshanchong/Desktop/pytorch_env_check/trajectory_ddpm_mvp/SingularTrajectory/outputs/stage3/phase1/canonical_room3/baselines/span20_random_seed44/kalman_cv_dt1.0_q1e-3_r1e-2/results.npz,4.989881628919136e-05,36,11640,5127,6568,721460,685387
canonical_room3_wall_door_v1,phase1_baseline,span20_random_seed44,,,linear_interp,,,/Users/shangshanchong/Desktop/pytorch_env_check/trajectory_ddpm_mvp/SingularTrajectory/outputs/stage3/phase1/canonical_room3/baselines/span20_random_seed44/linear_interp/results.npz,0.0,0,11229,5001,6228,721460,685387
canonical_room3_wall_door_v1,phase1_baseline,span20_random_seed44,,,savgol_w5_p2,,,/Users/shangshanchong/Desktop/pytorch_env_check/trajectory_ddpm_mvp/SingularTrajectory/outputs/stage3/phase1/canonical_room3/baselines/span20_random_seed44/savgol_w5_p2/results.npz,2.772156460510631e-06,2,11220,5007,6215,721460,685387
canonical_room3_wall_door_v1,phase1_baseline,span20_random_seed5,,,kalman_cv_dt1.0_q1e-3_r1e-2,,,/Users/shangshanchong/Desktop/pytorch_env_check/trajectory_ddpm_mvp/SingularTrajectory/outputs/stage3/phase1/canonical_room3/baselines/span20_random_seed5/kalman_cv_dt1.0_q1e-3_r1e-2/results.npz,4.019626867740415e-05,29,11639,5145,6537,721460,685387
canonical_room3_wall_door_v1,phase1_baseline,span20_random_seed5,,,linear_interp,,,/Users/shangshanchong/Desktop/pytorch_env_check/trajectory_ddpm_mvp/SingularTrajectory/outputs/stage3/phase1/canonical_room3/baselines/span20_random_seed5/linear_interp/results.npz,0.0,0,11227,5006,6221,721460,685387
canonical_room3_wall_door_v1,phase1_baseline,span20_random_seed5,,,savgol_w5_p2,,,/Users/shangshanchong/Desktop/pytorch_env_check/trajectory_ddpm_mvp/SingularTrajectory/outputs/stage3/phase1/canonical_room3/baselines/span20_random_seed5/savgol_w5_p2/results.npz,1.3860782302553156e-06,1,11220,5009,6212,721460,685387
canonical_room3_wall_door_v1,phase1_baseline,span20_random_seed6,,,kalman_cv_dt1.0_q1e-3_r1e-2,,,/Users/shangshanchong/Desktop/pytorch_env_check/trajectory_ddpm_mvp/SingularTrajectory/outputs/stage3/phase1/canonical_room3/baselines/span20_random_seed6/kalman_cv_dt1.0_q1e-3_r1e-2/results.npz,5.682920744046794e-05,41,11574,5085,6551,721460,685387
canonical_room3_wall_door_v1,phase1_baseline,span20_random_seed6,,,linear_interp,,,/Users/shangshanchong/Desktop/pytorch_env_check/trajectory_ddpm_mvp/SingularTrajectory/outputs/stage3/phase1/canonical_room3/baselines/span20_random_seed6/linear_interp/results.npz,0.0,0,11213,5006,6207,721460,685387
canonical_room3_wall_door_v1,phase1_baseline,span20_random_seed6,,,savgol_w5_p2,,,/Users/shangshanchong/Desktop/pytorch_env_check/trajectory_ddpm_mvp/SingularTrajectory/outputs/stage3/phase1/canonical_room3/baselines/span20_random_seed6/savgol_w5_p2/results.npz,1.3860782302553156e-06,1,11214,5009,6206,721460,685387
canonical_room3_wall_door_v1,phase1_baseline,span20_random_seed7,,,kalman_cv_dt1.0_q1e-3_r1e-2,,,/Users/shangshanchong/Desktop/pytorch_env_check/trajectory_ddpm_mvp/SingularTrajectory/outputs/stage3/phase1/canonical_room3/baselines/span20_random_seed7/kalman_cv_dt1.0_q1e-3_r1e-2/results.npz,7.06899897430211e-05,51,11616,5114,6580,721460,685387
canonical_room3_wall_door_v1,phase1_baseline,span20_random_seed7,,,linear_interp,,,/Users/shangshanchong/Desktop/pytorch_env_check/trajectory_ddpm_mvp/SingularTrajectory/outputs/stage3/phase1/canonical_room3/baselines/span20_random_seed7/linear_interp/results.npz,0.0,0,11217,5011,6206,721460,685387
canonical_room3_wall_door_v1,phase1_baseline,span20_random_seed7,,,savgol_w5_p2,,,/Users/shangshanchong/Desktop/pytorch_env_check/trajectory_ddpm_mvp/SingularTrajectory/outputs/stage3/phase1/canonical_room3/baselines/span20_random_seed7/savgol_w5_p2/results.npz,2.772156460510631e-06,2,11214,5011,6205,721460,685387
canonical_room3_wall_door_v1,phase1_baseline,span20_random_seed8,,,kalman_cv_dt1.0_q1e-3_r1e-2,,,/Users/shangshanchong/Desktop/pytorch_env_check/trajectory_ddpm_mvp/SingularTrajectory/outputs/stage3/phase1/canonical_room3/baselines/span20_random_seed8/kalman_cv_dt1.0_q1e-3_r1e-2/results.npz,4.989881628919136e-05,36,11649,5137,6564,721460,685387
canonical_room3_wall_door_v1,phase1_baseline,span20_random_seed8,,,linear_interp,,,/Users/shangshanchong/Desktop/pytorch_env_check/trajectory_ddpm_mvp/SingularTrajectory/outputs/stage3/phase1/canonical_room3/baselines/span20_random_seed8/linear_interp/results.npz,0.0,0,11225,5015,6210,721460,685387
canonical_room3_wall_door_v1,phase1_baseline,span20_random_seed8,,,savgol_w5_p2,,,/Users/shangshanchong/Desktop/pytorch_env_check/trajectory_ddpm_mvp/SingularTrajectory/outputs/stage3/phase1/canonical_room3/baselines/span20_random_seed8/savgol_w5_p2/results.npz,2.772156460510631e-06,2,11222,5013,6211,721460,685387
canonical_room3_wall_door_v1,phase1_baseline,span20_random_seed9,,,kalman_cv_dt1.0_q1e-3_r1e-2,,,/Users/shangshanchong/Desktop/pytorch_env_check/trajectory_ddpm_mvp/SingularTrajectory/outputs/stage3/phase1/canonical_room3/baselines/span20_random_seed9/kalman_cv_dt1.0_q1e-3_r1e-2/results.npz,4.158234690765947e-05,30,11646,5093,6596,721460,685387
canonical_room3_wall_door_v1,phase1_baseline,span20_random_seed9,,,linear_interp,,,/Users/shangshanchong/Desktop/pytorch_env_check/trajectory_ddpm_mvp/SingularTrajectory/outputs/stage3/phase1/canonical_room3/baselines/span20_random_seed9/linear_interp/results.npz,0.0,0,11223,5007,6216,721460,685387
canonical_room3_wall_door_v1,phase1_baseline,span20_random_seed9,,,savgol_w5_p2,,,/Users/shangshanchong/Desktop/pytorch_env_check/trajectory_ddpm_mvp/SingularTrajectory/outputs/stage3/phase1/canonical_room3/baselines/span20_random_seed9/savgol_w5_p2/results.npz,2.772156460510631e-06,2,11215,5013,6204,721460,685387
canonical_room3_wall_door_v1,phase1_baseline,span30_fixed_seed42,,,kalman_cv_dt1.0_q1e-3_r1e-2,,,/Users/shangshanchong/Desktop/pytorch_env_check/trajectory_ddpm_mvp/SingularTrajectory/outputs/stage3/phase1/canonical_room3/baselines/span30_fixed_seed42/kalman_cv_dt1.0_q1e-3_r1e-2/results.npz,0.00015524076178859535,112,12131,5301,6985,721460,685387
canonical_room3_wall_door_v1,phase1_baseline,span30_fixed_seed42,,,linear_interp,,,/Users/shangshanchong/Desktop/pytorch_env_check/trajectory_ddpm_mvp/SingularTrajectory/outputs/stage3/phase1/canonical_room3/baselines/span30_fixed_seed42/linear_interp/results.npz,0.0,0,11209,5015,6194,721460,685387
canonical_room3_wall_door_v1,phase1_baseline,span30_fixed_seed42,,,savgol_w5_p2,,,/Users/shangshanchong/Desktop/pytorch_env_check/trajectory_ddpm_mvp/SingularTrajectory/outputs/stage3/phase1/canonical_room3/baselines/span30_fixed_seed42/savgol_w5_p2/results.npz,2.772156460510631e-06,2,11199,5016,6185,721460,685387
canonical_room3_wall_door_v1,controlled_benchmark,span20_fixed_seed42,missing_drift,,input_degraded,,,/Users/shangshanchong/Desktop/pytorch_env_check/trajectory_ddpm_mvp/SingularTrajectory/outputs/stage3/controlled_benchmark/reconstruction/recon_missing_drift_input_degraded_span20_fixed_seed42.npy,9.148116319685084e-05,66,188656,3697,185025,721460,685387
canonical_room3_wall_door_v1,controlled_benchmark,span20_fixed_seed42,missing_drift,,kalman_cv_dt1.0_q1e-3_r1e-2,,,/Users/shangshanchong/Desktop/pytorch_env_check/trajectory_ddpm_mvp/SingularTrajectory/outputs/stage3/controlled_benchmark/reconstruction/recon_missing_drift_kalman_cv_dt1.0_q1e-3_r1e-2_span20_fixed_seed42.npy,0.00016632938763063787,120,11817,5245,6716,721460,685387
canonical_room3_wall_door_v1,controlled_benchmark,span20_fixed_seed42,missing_drift,,linear_interp,,,/Users/shangshanchong/Desktop/pytorch_env_check/trajectory_ddpm_mvp/SingularTrajectory/outputs/stage3/controlled_benchmark/reconstruction/recon_missing_drift_linear_interp_span20_fixed_seed42.npy,9.148116319685084e-05,66,11306,5098,6275,721460,685387
canonical_room3_wall_door_v1,controlled_benchmark,span20_fixed_seed42,missing_drift,,savgol_w5_p2,,,/Users/shangshanchong/Desktop/pytorch_env_check/trajectory_ddpm_mvp/SingularTrajectory/outputs/stage3/controlled_benchmark/reconstruction/recon_missing_drift_savgol_w5_p2_span20_fixed_seed42.npy,9.009508496659551e-05,65,11298,5112,6251,721460,685387
canonical_room3_wall_door_v1,controlled_benchmark,span20_fixed_seed42,missing_noise_drift,,input_degraded,,,/Users/shangshanchong/Desktop/pytorch_env_check/trajectory_ddpm_mvp/SingularTrajectory/outputs/stage3/controlled_benchmark/reconstruction/recon_missing_noise_drift_input_degraded_span20_fixed_seed42.npy,0.0002952346630443822,213,194682,5023,189929,721460,685387
canonical_room3_wall_door_v1,controlled_benchmark,span20_fixed_seed42,missing_noise_drift,,kalman_cv_dt1.0_q1e-3_r1e-2,,,/Users/shangshanchong/Desktop/pytorch_env_check/trajectory_ddpm_mvp/SingularTrajectory/outputs/stage3/controlled_benchmark/reconstruction/recon_missing_noise_drift_kalman_cv_dt1.0_q1e-3_r1e-2_span20_fixed_seed42.npy,0.000338203088182297,244,14788,5885,9210,721460,685387
canonical_room3_wall_door_v1,controlled_benchmark,span20_fixed_seed42,missing_noise_drift,,linear_interp,,,/Users/shangshanchong/Desktop/pytorch_env_check/trajectory_ddpm_mvp/SingularTrajectory/outputs/stage3/controlled_benchmark/reconstruction/recon_missing_noise_drift_linear_interp_span20_fixed_seed42.npy,0.0003215701494192332,232,17502,6461,11347,721460,685387
canonical_room3_wall_door_v1,controlled_benchmark,span20_fixed_seed42,missing_noise_drift,,savgol_w5_p2,,,/Users/shangshanchong/Desktop/pytorch_env_check/trajectory_ddpm_mvp/SingularTrajectory/outputs/stage3/controlled_benchmark/reconstruction/recon_missing_noise_drift_savgol_w5_p2_span20_fixed_seed42.npy,0.00026058270728799936,188,13523,5522,8215,721460,685387
canonical_room3_wall_door_v1,controlled_benchmark,span20_fixed_seed42,missing_noise,,input_degraded,,,/Users/shangshanchong/Desktop/pytorch_env_check/trajectory_ddpm_mvp/SingularTrajectory/outputs/stage3/controlled_benchmark/reconstruction/recon_missing_noise_input_degraded_span20_fixed_seed42.npy,0.00014553821417680814,105,194694,4936,189898,721460,685387
canonical_room3_wall_door_v1,controlled_benchmark,span20_fixed_seed42,missing_noise,,kalman_cv_dt1.0_q1e-3_r1e-2,,,/Users/shangshanchong/Desktop/pytorch_env_check/trajectory_ddpm_mvp/SingularTrajectory/outputs/stage3/controlled_benchmark/reconstruction/recon_missing_noise_kalman_cv_dt1.0_q1e-3_r1e-2_span20_fixed_seed42.npy,0.00017325977878191446,125,14778,5742,9211,721460,685387
canonical_room3_wall_door_v1,controlled_benchmark,span20_fixed_seed42,missing_noise,,linear_interp,,,/Users/shangshanchong/Desktop/pytorch_env_check/trajectory_ddpm_mvp/SingularTrajectory/outputs/stage3/controlled_benchmark/reconstruction/recon_missing_noise_linear_interp_span20_fixed_seed42.npy,0.00015524076178859535,112,17538,6357,11339,721460,685387
canonical_room3_wall_door_v1,controlled_benchmark,span20_fixed_seed42,missing_noise,,savgol_w5_p2,,,/Users/shangshanchong/Desktop/pytorch_env_check/trajectory_ddpm_mvp/SingularTrajectory/outputs/stage3/controlled_benchmark/reconstruction/recon_missing_noise_savgol_w5_p2_span20_fixed_seed42.npy,0.00010395586726914867,75,13439,5425,8100,721460,685387
canonical_room3_wall_door_v1,controlled_benchmark,span20_fixed_seed42,missing_only,,input_degraded,,,/Users/shangshanchong/Desktop/pytorch_env_check/trajectory_ddpm_mvp/SingularTrajectory/outputs/stage3/controlled_benchmark/reconstruction/recon_missing_only_input_degraded_span20_fixed_seed42.npy,0.0,0,188589,3625,184964,721460,685387
canonical_room3_wall_door_v1,controlled_benchmark,span20_fixed_seed42,missing_only,,kalman_cv_dt1.0_q1e-3_r1e-2,,,/Users/shangshanchong/Desktop/pytorch_env_check/trajectory_ddpm_mvp/SingularTrajectory/outputs/stage3/controlled_benchmark/reconstruction/recon_missing_only_kalman_cv_dt1.0_q1e-3_r1e-2_span20_fixed_seed42.npy,6.375959859174451e-05,46,11722,5156,6634,721460,685387
canonical_room3_wall_door_v1,controlled_benchmark,span20_fixed_seed42,missing_only,,linear_interp,,,/Users/shangshanchong/Desktop/pytorch_env_check/trajectory_ddpm_mvp/SingularTrajectory/outputs/stage3/controlled_benchmark/reconstruction/recon_missing_only_linear_interp_span20_fixed_seed42.npy,0.0,0,11223,5014,6209,721460,685387
canonical_room3_wall_door_v1,controlled_benchmark,span20_fixed_seed42,missing_only,,savgol_w5_p2,,,/Users/shangshanchong/Desktop/pytorch_env_check/trajectory_ddpm_mvp/SingularTrajectory/outputs/stage3/controlled_benchmark/reconstruction/recon_missing_only_savgol_w5_p2_span20_fixed_seed42.npy,2.772156460510631e-06,2,11219,5018,6203,721460,685387
canonical_room3_wall_door_v1,refinement,,missing_drift,kalman_cv_dt1.0_q1e-3_r1e-2,ddpm_prior_interface_v0,ddpm_prior_interface_v0,,/Users/shangshanchong/Desktop/pytorch_env_check/trajectory_ddpm_mvp/SingularTrajectory/outputs/stage3/refinement/refined/refined_missing_drift_kalman_cv_dt1.0_q1e-3_r1e-2_ddpm_prior_interface_v0.npy,0.0004019626867740415,290,8590,3832,5060,721460,685387
canonical_room3_wall_door_v1,refinement,,missing_drift,kalman_cv_dt1.0_q1e-3_r1e-2,ddpm_prior_masked_blend_v2_alpha0.25,ddpm_prior_masked_blend_v2_alpha0.25,0.25,/Users/shangshanchong/Desktop/pytorch_env_check/trajectory_ddpm_mvp/SingularTrajectory/outputs/stage3/refinement/refined/refined_missing_drift_kalman_cv_dt1.0_q1e-3_r1e-2_ddpm_prior_masked_blend_v2_alpha0.25.npy,0.00016494330940038256,119,11615,5168,6591,721460,685387
canonical_room3_wall_door_v1,refinement,,missing_drift,kalman_cv_dt1.0_q1e-3_r1e-2,ddpm_prior_masked_replace_v1,ddpm_prior_masked_replace_v1,,/Users/shangshanchong/Desktop/pytorch_env_check/trajectory_ddpm_mvp/SingularTrajectory/outputs/stage3/refinement/refined/refined_missing_drift_kalman_cv_dt1.0_q1e-3_r1e-2_ddpm_prior_masked_replace_v1.npy,0.00020098134338702076,145,12909,5800,7277,721460,685387
canonical_room3_wall_door_v1,refinement,,missing_drift,kalman_cv_dt1.0_q1e-3_r1e-2,identity_refiner,identity_refiner,,/Users/shangshanchong/Desktop/pytorch_env_check/trajectory_ddpm_mvp/SingularTrajectory/outputs/stage3/refinement/refined/refined_missing_drift_kalman_cv_dt1.0_q1e-3_r1e-2_identity_refiner.npy,0.00016632938763063787,120,11817,5245,6716,721460,685387
canonical_room3_wall_door_v1,refinement,,missing_drift,kalman_cv_dt1.0_q1e-3_r1e-2,light_savgol_refiner,light_savgol_refiner,,/Users/shangshanchong/Desktop/pytorch_env_check/trajectory_ddpm_mvp/SingularTrajectory/outputs/stage3/refinement/refined/refined_missing_drift_kalman_cv_dt1.0_q1e-3_r1e-2_light_savgol_refiner.npy,0.00015801291824910597,114,11655,5200,6589,721460,685387
canonical_room3_wall_door_v1,refinement,,missing_drift,linear_interp,ddpm_prior_interface_v0,ddpm_prior_interface_v0,,/Users/shangshanchong/Desktop/pytorch_env_check/trajectory_ddpm_mvp/SingularTrajectory/outputs/stage3/refinement/refined/refined_missing_drift_linear_interp_ddpm_prior_interface_v0.npy,0.00038532974801097777,278,8188,3739,4733,721460,685387
canonical_room3_wall_door_v1,refinement,,missing_drift,linear_interp,ddpm_prior_masked_blend_v2_alpha0.25,ddpm_prior_masked_blend_v2_alpha0.25,0.25,/Users/shangshanchong/Desktop/pytorch_env_check/trajectory_ddpm_mvp/SingularTrajectory/outputs/stage3/refinement/refined/refined_missing_drift_linear_interp_ddpm_prior_masked_blend_v2_alpha0.25.npy,9.563939788761677e-05,69,11336,5106,6302,721460,685387
canonical_room3_wall_door_v1,refinement,,missing_drift,linear_interp,ddpm_prior_masked_replace_v1,ddpm_prior_masked_replace_v1,,/Users/shangshanchong/Desktop/pytorch_env_check/trajectory_ddpm_mvp/SingularTrajectory/outputs/stage3/refinement/refined/refined_missing_drift_linear_interp_ddpm_prior_masked_replace_v1.npy,0.00017187370055165915,124,12896,5850,7188,721460,685387
canonical_room3_wall_door_v1,refinement,,missing_drift,linear_interp,identity_refiner,identity_refiner,,/Users/shangshanchong/Desktop/pytorch_env_check/trajectory_ddpm_mvp/SingularTrajectory/outputs/stage3/refinement/refined/refined_missing_drift_linear_interp_identity_refiner.npy,9.148116319685084e-05,66,11306,5098,6275,721460,685387
canonical_room3_wall_door_v1,refinement,,missing_drift,linear_interp,light_savgol_refiner,light_savgol_refiner,,/Users/shangshanchong/Desktop/pytorch_env_check/trajectory_ddpm_mvp/SingularTrajectory/outputs/stage3/refinement/refined/refined_missing_drift_linear_interp_light_savgol_refiner.npy,9.009508496659551e-05,65,11298,5112,6251,721460,685387
canonical_room3_wall_door_v1,refinement,,missing_drift,savgol_w5_p2,ddpm_prior_interface_v0,ddpm_prior_interface_v0,,/Users/shangshanchong/Desktop/pytorch_env_check/trajectory_ddpm_mvp/SingularTrajectory/outputs/stage3/refinement/refined/refined_missing_drift_savgol_w5_p2_ddpm_prior_interface_v0.npy,0.0003839436697807224,277,8180,3737,4726,721460,685387
canonical_room3_wall_door_v1,refinement,,missing_drift,savgol_w5_p2,ddpm_prior_masked_blend_v2_alpha0.25,ddpm_prior_masked_blend_v2_alpha0.25,0.25,/Users/shangshanchong/Desktop/pytorch_env_check/trajectory_ddpm_mvp/SingularTrajectory/outputs/stage3/refinement/refined/refined_missing_drift_savgol_w5_p2_ddpm_prior_masked_blend_v2_alpha0.25.npy,9.425331965736146e-05,68,11322,5122,6270,721460,685387
canonical_room3_wall_door_v1,refinement,,missing_drift,savgol_w5_p2,ddpm_prior_masked_replace_v1,ddpm_prior_masked_replace_v1,,/Users/shangshanchong/Desktop/pytorch_env_check/trajectory_ddpm_mvp/SingularTrajectory/outputs/stage3/refinement/refined/refined_missing_drift_savgol_w5_p2_ddpm_prior_masked_replace_v1.npy,0.0001704876223214038,123,12881,5865,7156,721460,685387
canonical_room3_wall_door_v1,refinement,,missing_drift,savgol_w5_p2,identity_refiner,identity_refiner,,/Users/shangshanchong/Desktop/pytorch_env_check/trajectory_ddpm_mvp/SingularTrajectory/outputs/stage3/refinement/refined/refined_missing_drift_savgol_w5_p2_identity_refiner.npy,9.009508496659551e-05,65,11298,5112,6251,721460,685387
canonical_room3_wall_door_v1,refinement,,missing_drift,savgol_w5_p2,light_savgol_refiner,light_savgol_refiner,,/Users/shangshanchong/Desktop/pytorch_env_check/trajectory_ddpm_mvp/SingularTrajectory/outputs/stage3/refinement/refined/refined_missing_drift_savgol_w5_p2_light_savgol_refiner.npy,9.009508496659551e-05,65,11297,5104,6258,721460,685387
canonical_room3_wall_door_v1,refinement,,missing_noise_drift,kalman_cv_dt1.0_q1e-3_r1e-2,ddpm_prior_interface_v0,ddpm_prior_interface_v0,,/Users/shangshanchong/Desktop/pytorch_env_check/trajectory_ddpm_mvp/SingularTrajectory/outputs/stage3/refinement/refined/refined_missing_noise_drift_kalman_cv_dt1.0_q1e-3_r1e-2_ddpm_prior_interface_v0.npy,0.0004185956255371053,302,10449,4208,6586,721460,685387
canonical_room3_wall_door_v1,refinement,,missing_noise_drift,kalman_cv_dt1.0_q1e-3_r1e-2,ddpm_prior_masked_blend_v2_alpha0.25,ddpm_prior_masked_blend_v2_alpha0.25,0.25,/Users/shangshanchong/Desktop/pytorch_env_check/trajectory_ddpm_mvp/SingularTrajectory/outputs/stage3/refinement/refined/refined_missing_noise_drift_kalman_cv_dt1.0_q1e-3_r1e-2_ddpm_prior_masked_blend_v2_alpha0.25.npy,0.00031463975826795664,227,14466,5762,8987,721460,685387
canonical_room3_wall_door_v1,refinement,,missing_noise_drift,kalman_cv_dt1.0_q1e-3_r1e-2,ddpm_prior_masked_replace_v1,ddpm_prior_masked_replace_v1,,/Users/shangshanchong/Desktop/pytorch_env_check/trajectory_ddpm_mvp/SingularTrajectory/outputs/stage3/refinement/refined/refined_missing_noise_drift_kalman_cv_dt1.0_q1e-3_r1e-2_ddpm_prior_masked_replace_v1.npy,0.0003104815235771907,224,15548,6335,9480,721460,685387
canonical_room3_wall_door_v1,refinement,,missing_noise_drift,kalman_cv_dt1.0_q1e-3_r1e-2,identity_refiner,identity_refiner,,/Users/shangshanchong/Desktop/pytorch_env_check/trajectory_ddpm_mvp/SingularTrajectory/outputs/stage3/refinement/refined/refined_missing_noise_drift_kalman_cv_dt1.0_q1e-3_r1e-2_identity_refiner.npy,0.000338203088182297,244,14788,5885,9210,721460,685387
canonical_room3_wall_door_v1,refinement,,missing_noise_drift,kalman_cv_dt1.0_q1e-3_r1e-2,light_savgol_refiner,light_savgol_refiner,,/Users/shangshanchong/Desktop/pytorch_env_check/trajectory_ddpm_mvp/SingularTrajectory/outputs/stage3/refinement/refined/refined_missing_noise_drift_kalman_cv_dt1.0_q1e-3_r1e-2_light_savgol_refiner.npy,0.0003104815235771907,224,13329,5546,8048,721460,685387
canonical_room3_wall_door_v1,refinement,,missing_noise_drift,linear_interp,ddpm_prior_interface_v0,ddpm_prior_interface_v0,,/Users/shangshanchong/Desktop/pytorch_env_check/trajectory_ddpm_mvp/SingularTrajectory/outputs/stage3/refinement/refined/refined_missing_noise_drift_linear_interp_ddpm_prior_interface_v0.npy,0.0004158234690765947,300,12189,4621,7937,721460,685387
canonical_room3_wall_door_v1,refinement,,missing_noise_drift,linear_interp,ddpm_prior_masked_blend_v2_alpha0.25,ddpm_prior_masked_blend_v2_alpha0.25,0.25,/Users/shangshanchong/Desktop/pytorch_env_check/trajectory_ddpm_mvp/SingularTrajectory/outputs/stage3/refinement/refined/refined_missing_noise_drift_linear_interp_ddpm_prior_masked_blend_v2_alpha0.25.npy,0.0003298866188007651,238,17540,6468,11384,721460,685387
canonical_room3_wall_door_v1,refinement,,missing_noise_drift,linear_interp,ddpm_prior_masked_replace_v1,ddpm_prior_masked_replace_v1,,/Users/shangshanchong/Desktop/pytorch_env_check/trajectory_ddpm_mvp/SingularTrajectory/outputs/stage3/refinement/refined/refined_missing_noise_drift_linear_interp_ddpm_prior_masked_replace_v1.npy,0.0003714689657084246,268,19166,7223,12291,721460,685387
canonical_room3_wall_door_v1,refinement,,missing_noise_drift,linear_interp,identity_refiner,identity_refiner,,/Users/shangshanchong/Desktop/pytorch_env_check/trajectory_ddpm_mvp/SingularTrajectory/outputs/stage3/refinement/refined/refined_missing_noise_drift_linear_interp_identity_refiner.npy,0.0003215701494192332,232,17502,6461,11347,721460,685387
canonical_room3_wall_door_v1,refinement,,missing_noise_drift,linear_interp,light_savgol_refiner,light_savgol_refiner,,/Users/shangshanchong/Desktop/pytorch_env_check/trajectory_ddpm_mvp/SingularTrajectory/outputs/stage3/refinement/refined/refined_missing_noise_drift_linear_interp_light_savgol_refiner.npy,0.00026058270728799936,188,13523,5522,8215,721460,685387
canonical_room3_wall_door_v1,refinement,,missing_noise_drift,savgol_w5_p2,ddpm_prior_interface_v0,ddpm_prior_interface_v0,,/Users/shangshanchong/Desktop/pytorch_env_check/trajectory_ddpm_mvp/SingularTrajectory/outputs/stage3/refinement/refined/refined_missing_noise_drift_savgol_w5_p2_ddpm_prior_interface_v0.npy,0.00040473484323455213,292,9538,3964,5896,721460,685387
canonical_room3_wall_door_v1,refinement,,missing_noise_drift,savgol_w5_p2,ddpm_prior_masked_blend_v2_alpha0.25,ddpm_prior_masked_blend_v2_alpha0.25,0.25,/Users/shangshanchong/Desktop/pytorch_env_check/trajectory_ddpm_mvp/SingularTrajectory/outputs/stage3/refinement/refined/refined_missing_noise_drift_savgol_w5_p2_ddpm_prior_masked_blend_v2_alpha0.25.npy,0.00027028525489978655,195,13549,5524,8247,721460,685387
canonical_room3_wall_door_v1,refinement,,missing_noise_drift,savgol_w5_p2,ddpm_prior_masked_replace_v1,ddpm_prior_masked_replace_v1,,/Users/shangshanchong/Desktop/pytorch_env_check/trajectory_ddpm_mvp/SingularTrajectory/outputs/stage3/refinement/refined/refined_missing_noise_drift_savgol_w5_p2_ddpm_prior_masked_replace_v1.npy,0.0003090954453469354,223,15017,6234,9039,721460,685387
canonical_room3_wall_door_v1,refinement,,missing_noise_drift,savgol_w5_p2,identity_refiner,identity_refiner,,/Users/shangshanchong/Desktop/pytorch_env_check/trajectory_ddpm_mvp/SingularTrajectory/outputs/stage3/refinement/refined/refined_missing_noise_drift_savgol_w5_p2_identity_refiner.npy,0.00026058270728799936,188,13523,5522,8215,721460,685387
canonical_room3_wall_door_v1,refinement,,missing_noise_drift,savgol_w5_p2,light_savgol_refiner,light_savgol_refiner,,/Users/shangshanchong/Desktop/pytorch_env_check/trajectory_ddpm_mvp/SingularTrajectory/outputs/stage3/refinement/refined/refined_missing_noise_drift_savgol_w5_p2_light_savgol_refiner.npy,0.0002508801596762121,181,12857,5408,7646,721460,685387
canonical_room3_wall_door_v1,refinement,,missing_noise,kalman_cv_dt1.0_q1e-3_r1e-2,ddpm_prior_interface_v0,ddpm_prior_interface_v0,,/Users/shangshanchong/Desktop/pytorch_env_check/trajectory_ddpm_mvp/SingularTrajectory/outputs/stage3/refinement/refined/refined_missing_noise_kalman_cv_dt1.0_q1e-3_r1e-2_ddpm_prior_interface_v0.npy,0.0003132536800377013,226,10485,4160,6596,721460,685387
canonical_room3_wall_door_v1,refinement,,missing_noise,kalman_cv_dt1.0_q1e-3_r1e-2,ddpm_prior_masked_blend_v2_alpha0.25,ddpm_prior_masked_blend_v2_alpha0.25,0.25,/Users/shangshanchong/Desktop/pytorch_env_check/trajectory_ddpm_mvp/SingularTrajectory/outputs/stage3/refinement/refined/refined_missing_noise_kalman_cv_dt1.0_q1e-3_r1e-2_ddpm_prior_masked_blend_v2_alpha0.25.npy,0.00014692429240706345,106,14473,5647,8974,721460,685387
canonical_room3_wall_door_v1,refinement,,missing_noise,kalman_cv_dt1.0_q1e-3_r1e-2,ddpm_prior_masked_replace_v1,ddpm_prior_masked_replace_v1,,/Users/shangshanchong/Desktop/pytorch_env_check/trajectory_ddpm_mvp/SingularTrajectory/outputs/stage3/refinement/refined/refined_missing_noise_kalman_cv_dt1.0_q1e-3_r1e-2_ddpm_prior_masked_replace_v1.npy,0.0001593989964793613,115,15560,6234,9479,721460,685387
canonical_room3_wall_door_v1,refinement,,missing_noise,kalman_cv_dt1.0_q1e-3_r1e-2,identity_refiner,identity_refiner,,/Users/shangshanchong/Desktop/pytorch_env_check/trajectory_ddpm_mvp/SingularTrajectory/outputs/stage3/refinement/refined/refined_missing_noise_kalman_cv_dt1.0_q1e-3_r1e-2_identity_refiner.npy,0.00017325977878191446,125,14778,5742,9211,721460,685387
canonical_room3_wall_door_v1,refinement,,missing_noise,kalman_cv_dt1.0_q1e-3_r1e-2,light_savgol_refiner,light_savgol_refiner,,/Users/shangshanchong/Desktop/pytorch_env_check/trajectory_ddpm_mvp/SingularTrajectory/outputs/stage3/refinement/refined/refined_missing_noise_kalman_cv_dt1.0_q1e-3_r1e-2_light_savgol_refiner.npy,0.00014969644886757408,108,13252,5416,7979,721460,685387
canonical_room3_wall_door_v1,refinement,,missing_noise,linear_interp,ddpm_prior_interface_v0,ddpm_prior_interface_v0,,/Users/shangshanchong/Desktop/pytorch_env_check/trajectory_ddpm_mvp/SingularTrajectory/outputs/stage3/refinement/refined/refined_missing_noise_linear_interp_ddpm_prior_interface_v0.npy,0.0003187979929587226,230,12146,4525,7921,721460,685387
canonical_room3_wall_door_v1,refinement,,missing_noise,linear_interp,ddpm_prior_masked_blend_v2_alpha0.25,ddpm_prior_masked_blend_v2_alpha0.25,0.25,/Users/shangshanchong/Desktop/pytorch_env_check/trajectory_ddpm_mvp/SingularTrajectory/outputs/stage3/refinement/refined/refined_missing_noise_linear_interp_ddpm_prior_masked_blend_v2_alpha0.25.npy,0.0001593989964793613,115,17592,6369,11384,721460,685387
canonical_room3_wall_door_v1,refinement,,missing_noise,linear_interp,ddpm_prior_masked_replace_v1,ddpm_prior_masked_replace_v1,,/Users/shangshanchong/Desktop/pytorch_env_check/trajectory_ddpm_mvp/SingularTrajectory/outputs/stage3/refinement/refined/refined_missing_noise_linear_interp_ddpm_prior_masked_replace_v1.npy,0.00021206996922906328,153,19154,7120,12243,721460,685387
canonical_room3_wall_door_v1,refinement,,missing_noise,linear_interp,identity_refiner,identity_refiner,,/Users/shangshanchong/Desktop/pytorch_env_check/trajectory_ddpm_mvp/SingularTrajectory/outputs/stage3/refinement/refined/refined_missing_noise_linear_interp_identity_refiner.npy,0.00015524076178859535,112,17538,6357,11339,721460,685387
canonical_room3_wall_door_v1,refinement,,missing_noise,linear_interp,light_savgol_refiner,light_savgol_refiner,,/Users/shangshanchong/Desktop/pytorch_env_check/trajectory_ddpm_mvp/SingularTrajectory/outputs/stage3/refinement/refined/refined_missing_noise_linear_interp_light_savgol_refiner.npy,0.00010395586726914867,75,13439,5425,8100,721460,685387
canonical_room3_wall_door_v1,refinement,,missing_noise,savgol_w5_p2,ddpm_prior_interface_v0,ddpm_prior_interface_v0,,/Users/shangshanchong/Desktop/pytorch_env_check/trajectory_ddpm_mvp/SingularTrajectory/outputs/stage3/refinement/refined/refined_missing_noise_savgol_w5_p2_ddpm_prior_interface_v0.npy,0.0003201840711889779,231,9465,3859,5874,721460,685387
canonical_room3_wall_door_v1,refinement,,missing_noise,savgol_w5_p2,ddpm_prior_masked_blend_v2_alpha0.25,ddpm_prior_masked_blend_v2_alpha0.25,0.25,/Users/shangshanchong/Desktop/pytorch_env_check/trajectory_ddpm_mvp/SingularTrajectory/outputs/stage3/refinement/refined/refined_missing_noise_savgol_w5_p2_ddpm_prior_masked_blend_v2_alpha0.25.npy,0.00010811410195991462,78,13441,5428,8104,721460,685387
canonical_room3_wall_door_v1,refinement,,missing_noise,savgol_w5_p2,ddpm_prior_masked_replace_v1,ddpm_prior_masked_replace_v1,,/Users/shangshanchong/Desktop/pytorch_env_check/trajectory_ddpm_mvp/SingularTrajectory/outputs/stage3/refinement/refined/refined_missing_noise_savgol_w5_p2_ddpm_prior_masked_replace_v1.npy,0.00016632938763063787,120,14885,6124,8907,721460,685387
canonical_room3_wall_door_v1,refinement,,missing_noise,savgol_w5_p2,identity_refiner,identity_refiner,,/Users/shangshanchong/Desktop/pytorch_env_check/trajectory_ddpm_mvp/SingularTrajectory/outputs/stage3/refinement/refined/refined_missing_noise_savgol_w5_p2_identity_refiner.npy,0.00010395586726914867,75,13439,5425,8100,721460,685387
canonical_room3_wall_door_v1,refinement,,missing_noise,savgol_w5_p2,light_savgol_refiner,light_savgol_refiner,,/Users/shangshanchong/Desktop/pytorch_env_check/trajectory_ddpm_mvp/SingularTrajectory/outputs/stage3/refinement/refined/refined_missing_noise_savgol_w5_p2_light_savgol_refiner.npy,9.563939788761677e-05,69,12816,5296,7599,721460,685387
canonical_room3_wall_door_v1,refinement,,missing_only,kalman_cv_dt1.0_q1e-3_r1e-2,ddpm_prior_interface_v0,ddpm_prior_interface_v0,,/Users/shangshanchong/Desktop/pytorch_env_check/trajectory_ddpm_mvp/SingularTrajectory/outputs/stage3/refinement/refined/refined_missing_only_kalman_cv_dt1.0_q1e-3_r1e-2_ddpm_prior_interface_v0.npy,0.0003077093671166801,222,8540,3744,5042,721460,685387
canonical_room3_wall_door_v1,refinement,,missing_only,kalman_cv_dt1.0_q1e-3_r1e-2,ddpm_prior_masked_blend_v2_alpha0.25,ddpm_prior_masked_blend_v2_alpha0.25,0.25,/Users/shangshanchong/Desktop/pytorch_env_check/trajectory_ddpm_mvp/SingularTrajectory/outputs/stage3/refinement/refined/refined_missing_only_kalman_cv_dt1.0_q1e-3_r1e-2_ddpm_prior_masked_blend_v2_alpha0.25.npy,4.158234690765947e-05,30,11446,5066,6427,721460,685387
canonical_room3_wall_door_v1,refinement,,missing_only,kalman_cv_dt1.0_q1e-3_r1e-2,ddpm_prior_masked_replace_v1,ddpm_prior_masked_replace_v1,,/Users/shangshanchong/Desktop/pytorch_env_check/trajectory_ddpm_mvp/SingularTrajectory/outputs/stage3/refinement/refined/refined_missing_only_kalman_cv_dt1.0_q1e-3_r1e-2_ddpm_prior_masked_replace_v1.npy,0.00010534194549940398,76,12760,5717,7143,721460,685387
canonical_room3_wall_door_v1,refinement,,missing_only,kalman_cv_dt1.0_q1e-3_r1e-2,identity_refiner,identity_refiner,,/Users/shangshanchong/Desktop/pytorch_env_check/trajectory_ddpm_mvp/SingularTrajectory/outputs/stage3/refinement/refined/refined_missing_only_kalman_cv_dt1.0_q1e-3_r1e-2_identity_refiner.npy,6.375959859174451e-05,46,11722,5156,6634,721460,685387
canonical_room3_wall_door_v1,refinement,,missing_only,kalman_cv_dt1.0_q1e-3_r1e-2,light_savgol_refiner,light_savgol_refiner,,/Users/shangshanchong/Desktop/pytorch_env_check/trajectory_ddpm_mvp/SingularTrajectory/outputs/stage3/refinement/refined/refined_missing_only_kalman_cv_dt1.0_q1e-3_r1e-2_light_savgol_refiner.npy,5.128489451944668e-05,37,11527,5103,6480,721460,685387
canonical_room3_wall_door_v1,refinement,,missing_only,linear_interp,ddpm_prior_interface_v0,ddpm_prior_interface_v0,,/Users/shangshanchong/Desktop/pytorch_env_check/trajectory_ddpm_mvp/SingularTrajectory/outputs/stage3/refinement/refined/refined_missing_only_linear_interp_ddpm_prior_interface_v0.npy,0.00028830427189310566,208,8176,3632,4766,721460,685387
canonical_room3_wall_door_v1,refinement,,missing_only,linear_interp,ddpm_prior_masked_blend_v2_alpha0.25,ddpm_prior_masked_blend_v2_alpha0.25,0.25,/Users/shangshanchong/Desktop/pytorch_env_check/trajectory_ddpm_mvp/SingularTrajectory/outputs/stage3/refinement/refined/refined_missing_only_linear_interp_ddpm_prior_masked_blend_v2_alpha0.25.npy,0.0,0,11259,5008,6251,721460,685387
canonical_room3_wall_door_v1,refinement,,missing_only,linear_interp,ddpm_prior_masked_replace_v1,ddpm_prior_masked_replace_v1,,/Users/shangshanchong/Desktop/pytorch_env_check/trajectory_ddpm_mvp/SingularTrajectory/outputs/stage3/refinement/refined/refined_missing_only_linear_interp_ddpm_prior_masked_replace_v1.npy,6.930391151276578e-05,50,12823,5752,7135,721460,685387
canonical_room3_wall_door_v1,refinement,,missing_only,linear_interp,identity_refiner,identity_refiner,,/Users/shangshanchong/Desktop/pytorch_env_check/trajectory_ddpm_mvp/SingularTrajectory/outputs/stage3/refinement/refined/refined_missing_only_linear_interp_identity_refiner.npy,0.0,0,11223,5014,6209,721460,685387
canonical_room3_wall_door_v1,refinement,,missing_only,linear_interp,light_savgol_refiner,light_savgol_refiner,,/Users/shangshanchong/Desktop/pytorch_env_check/trajectory_ddpm_mvp/SingularTrajectory/outputs/stage3/refinement/refined/refined_missing_only_linear_interp_light_savgol_refiner.npy,2.772156460510631e-06,2,11219,5018,6203,721460,685387
canonical_room3_wall_door_v1,refinement,,missing_only,savgol_w5_p2,ddpm_prior_interface_v0,ddpm_prior_interface_v0,,/Users/shangshanchong/Desktop/pytorch_env_check/trajectory_ddpm_mvp/SingularTrajectory/outputs/stage3/refinement/refined/refined_missing_only_savgol_w5_p2_ddpm_prior_interface_v0.npy,0.00028969035012336097,209,8166,3630,4759,721460,685387
canonical_room3_wall_door_v1,refinement,,missing_only,savgol_w5_p2,ddpm_prior_masked_blend_v2_alpha0.25,ddpm_prior_masked_blend_v2_alpha0.25,0.25,/Users/shangshanchong/Desktop/pytorch_env_check/trajectory_ddpm_mvp/SingularTrajectory/outputs/stage3/refinement/refined/refined_missing_only_savgol_w5_p2_ddpm_prior_masked_blend_v2_alpha0.25.npy,2.772156460510631e-06,2,11249,5009,6242,721460,685387
canonical_room3_wall_door_v1,refinement,,missing_only,savgol_w5_p2,ddpm_prior_masked_replace_v1,ddpm_prior_masked_replace_v1,,/Users/shangshanchong/Desktop/pytorch_env_check/trajectory_ddpm_mvp/SingularTrajectory/outputs/stage3/refinement/refined/refined_missing_only_savgol_w5_p2_ddpm_prior_masked_replace_v1.npy,7.207606797327641e-05,52,12799,5746,7119,721460,685387
canonical_room3_wall_door_v1,refinement,,missing_only,savgol_w5_p2,identity_refiner,identity_refiner,,/Users/shangshanchong/Desktop/pytorch_env_check/trajectory_ddpm_mvp/SingularTrajectory/outputs/stage3/refinement/refined/refined_missing_only_savgol_w5_p2_identity_refiner.npy,2.772156460510631e-06,2,11219,5018,6203,721460,685387
canonical_room3_wall_door_v1,refinement,,missing_only,savgol_w5_p2,light_savgol_refiner,light_savgol_refiner,,/Users/shangshanchong/Desktop/pytorch_env_check/trajectory_ddpm_mvp/SingularTrajectory/outputs/stage3/refinement/refined/refined_missing_only_savgol_w5_p2_light_savgol_refiner.npy,2.772156460510631e-06,2,11214,5014,6202,721460,685387
canonical_room3_wall_door_v1,refinement_alpha_sweep,,missing_drift,kalman_cv_dt1.0_q1e-3_r1e-2,ddpm_prior_masked_blend_v2_alpha0.00,ddpm_prior_masked_blend_v2_alpha0.00,0.0,/Users/shangshanchong/Desktop/pytorch_env_check/trajectory_ddpm_mvp/SingularTrajectory/outputs/stage3/refinement/alpha_sweep/refined/refined_missing_drift_kalman_cv_dt1.0_q1e-3_r1e-2_ddpm_prior_masked_blend_v2_alpha0.00.npy,0.00016632938763063787,120,11817,5245,6716,721460,685387
canonical_room3_wall_door_v1,refinement_alpha_sweep,,missing_drift,kalman_cv_dt1.0_q1e-3_r1e-2,ddpm_prior_masked_blend_v2_alpha0.05,ddpm_prior_masked_blend_v2_alpha0.05,0.05,/Users/shangshanchong/Desktop/pytorch_env_check/trajectory_ddpm_mvp/SingularTrajectory/outputs/stage3/refinement/alpha_sweep/refined/refined_missing_drift_kalman_cv_dt1.0_q1e-3_r1e-2_ddpm_prior_masked_blend_v2_alpha0.05.npy,0.0001593989964793613,115,11753,5227,6665,721460,685387
canonical_room3_wall_door_v1,refinement_alpha_sweep,,missing_drift,kalman_cv_dt1.0_q1e-3_r1e-2,ddpm_prior_masked_blend_v2_alpha0.10,ddpm_prior_masked_blend_v2_alpha0.10,0.1,/Users/shangshanchong/Desktop/pytorch_env_check/trajectory_ddpm_mvp/SingularTrajectory/outputs/stage3/refinement/alpha_sweep/refined/refined_missing_drift_kalman_cv_dt1.0_q1e-3_r1e-2_ddpm_prior_masked_blend_v2_alpha0.10.npy,0.0001593989964793613,115,11717,5223,6632,721460,685387
canonical_room3_wall_door_v1,refinement_alpha_sweep,,missing_drift,kalman_cv_dt1.0_q1e-3_r1e-2,ddpm_prior_masked_blend_v2_alpha0.25,ddpm_prior_masked_blend_v2_alpha0.25,0.25,/Users/shangshanchong/Desktop/pytorch_env_check/trajectory_ddpm_mvp/SingularTrajectory/outputs/stage3/refinement/alpha_sweep/refined/refined_missing_drift_kalman_cv_dt1.0_q1e-3_r1e-2_ddpm_prior_masked_blend_v2_alpha0.25.npy,0.00016494330940038256,119,11615,5168,6591,721460,685387
canonical_room3_wall_door_v1,refinement_alpha_sweep,,missing_drift,kalman_cv_dt1.0_q1e-3_r1e-2,ddpm_prior_masked_blend_v2_alpha0.50,ddpm_prior_masked_blend_v2_alpha0.50,0.5,/Users/shangshanchong/Desktop/pytorch_env_check/trajectory_ddpm_mvp/SingularTrajectory/outputs/stage3/refinement/alpha_sweep/refined/refined_missing_drift_kalman_cv_dt1.0_q1e-3_r1e-2_ddpm_prior_masked_blend_v2_alpha0.50.npy,0.00015246860532808473,110,11635,5193,6568,721460,685387
canonical_room3_wall_door_v1,refinement_alpha_sweep,,missing_drift,kalman_cv_dt1.0_q1e-3_r1e-2,ddpm_prior_masked_blend_v2_alpha0.75,ddpm_prior_masked_blend_v2_alpha0.75,0.75,/Users/shangshanchong/Desktop/pytorch_env_check/trajectory_ddpm_mvp/SingularTrajectory/outputs/stage3/refinement/alpha_sweep/refined/refined_missing_drift_kalman_cv_dt1.0_q1e-3_r1e-2_ddpm_prior_masked_blend_v2_alpha0.75.npy,0.0001774180134726804,128,12231,5479,6898,721460,685387
canonical_room3_wall_door_v1,refinement_alpha_sweep,,missing_drift,kalman_cv_dt1.0_q1e-3_r1e-2,ddpm_prior_masked_blend_v2_alpha1.00,ddpm_prior_masked_blend_v2_alpha1.00,1.0,/Users/shangshanchong/Desktop/pytorch_env_check/trajectory_ddpm_mvp/SingularTrajectory/outputs/stage3/refinement/alpha_sweep/refined/refined_missing_drift_kalman_cv_dt1.0_q1e-3_r1e-2_ddpm_prior_masked_blend_v2_alpha1.00.npy,0.00020098134338702076,145,12909,5800,7277,721460,685387
canonical_room3_wall_door_v1,refinement_alpha_sweep,,missing_drift,linear_interp,ddpm_prior_masked_blend_v2_alpha0.00,ddpm_prior_masked_blend_v2_alpha0.00,0.0,/Users/shangshanchong/Desktop/pytorch_env_check/trajectory_ddpm_mvp/SingularTrajectory/outputs/stage3/refinement/alpha_sweep/refined/refined_missing_drift_linear_interp_ddpm_prior_masked_blend_v2_alpha0.00.npy,9.148116319685084e-05,66,11306,5098,6275,721460,685387
canonical_room3_wall_door_v1,refinement_alpha_sweep,,missing_drift,linear_interp,ddpm_prior_masked_blend_v2_alpha0.05,ddpm_prior_masked_blend_v2_alpha0.05,0.05,/Users/shangshanchong/Desktop/pytorch_env_check/trajectory_ddpm_mvp/SingularTrajectory/outputs/stage3/refinement/alpha_sweep/refined/refined_missing_drift_linear_interp_ddpm_prior_masked_blend_v2_alpha0.05.npy,9.148116319685084e-05,66,11308,5100,6275,721460,685387
canonical_room3_wall_door_v1,refinement_alpha_sweep,,missing_drift,linear_interp,ddpm_prior_masked_blend_v2_alpha0.10,ddpm_prior_masked_blend_v2_alpha0.10,0.1,/Users/shangshanchong/Desktop/pytorch_env_check/trajectory_ddpm_mvp/SingularTrajectory/outputs/stage3/refinement/alpha_sweep/refined/refined_missing_drift_linear_interp_ddpm_prior_masked_blend_v2_alpha0.10.npy,9.148116319685084e-05,66,11308,5102,6273,721460,685387
canonical_room3_wall_door_v1,refinement_alpha_sweep,,missing_drift,linear_interp,ddpm_prior_masked_blend_v2_alpha0.25,ddpm_prior_masked_blend_v2_alpha0.25,0.25,/Users/shangshanchong/Desktop/pytorch_env_check/trajectory_ddpm_mvp/SingularTrajectory/outputs/stage3/refinement/alpha_sweep/refined/refined_missing_drift_linear_interp_ddpm_prior_masked_blend_v2_alpha0.25.npy,9.563939788761677e-05,69,11336,5106,6302,721460,685387
canonical_room3_wall_door_v1,refinement_alpha_sweep,,missing_drift,linear_interp,ddpm_prior_masked_blend_v2_alpha0.50,ddpm_prior_masked_blend_v2_alpha0.50,0.5,/Users/shangshanchong/Desktop/pytorch_env_check/trajectory_ddpm_mvp/SingularTrajectory/outputs/stage3/refinement/alpha_sweep/refined/refined_missing_drift_linear_interp_ddpm_prior_masked_blend_v2_alpha0.50.npy,0.0001164305713414465,84,11608,5203,6497,721460,685387
canonical_room3_wall_door_v1,refinement_alpha_sweep,,missing_drift,linear_interp,ddpm_prior_masked_blend_v2_alpha0.75,ddpm_prior_masked_blend_v2_alpha0.75,0.75,/Users/shangshanchong/Desktop/pytorch_env_check/trajectory_ddpm_mvp/SingularTrajectory/outputs/stage3/refinement/alpha_sweep/refined/refined_missing_drift_linear_interp_ddpm_prior_masked_blend_v2_alpha0.75.npy,0.0001413799794860422,102,12226,5510,6830,721460,685387
canonical_room3_wall_door_v1,refinement_alpha_sweep,,missing_drift,linear_interp,ddpm_prior_masked_blend_v2_alpha1.00,ddpm_prior_masked_blend_v2_alpha1.00,1.0,/Users/shangshanchong/Desktop/pytorch_env_check/trajectory_ddpm_mvp/SingularTrajectory/outputs/stage3/refinement/alpha_sweep/refined/refined_missing_drift_linear_interp_ddpm_prior_masked_blend_v2_alpha1.00.npy,0.00017187370055165915,124,12896,5850,7188,721460,685387
canonical_room3_wall_door_v1,refinement_alpha_sweep,,missing_drift,savgol_w5_p2,ddpm_prior_masked_blend_v2_alpha0.00,ddpm_prior_masked_blend_v2_alpha0.00,0.0,/Users/shangshanchong/Desktop/pytorch_env_check/trajectory_ddpm_mvp/SingularTrajectory/outputs/stage3/refinement/alpha_sweep/refined/refined_missing_drift_savgol_w5_p2_ddpm_prior_masked_blend_v2_alpha0.00.npy,9.009508496659551e-05,65,11298,5112,6251,721460,685387
canonical_room3_wall_door_v1,refinement_alpha_sweep,,missing_drift,savgol_w5_p2,ddpm_prior_masked_blend_v2_alpha0.05,ddpm_prior_masked_blend_v2_alpha0.05,0.05,/Users/shangshanchong/Desktop/pytorch_env_check/trajectory_ddpm_mvp/SingularTrajectory/outputs/stage3/refinement/alpha_sweep/refined/refined_missing_drift_savgol_w5_p2_ddpm_prior_masked_blend_v2_alpha0.05.npy,9.009508496659551e-05,65,11298,5115,6248,721460,685387
canonical_room3_wall_door_v1,refinement_alpha_sweep,,missing_drift,savgol_w5_p2,ddpm_prior_masked_blend_v2_alpha0.10,ddpm_prior_masked_blend_v2_alpha0.10,0.1,/Users/shangshanchong/Desktop/pytorch_env_check/trajectory_ddpm_mvp/SingularTrajectory/outputs/stage3/refinement/alpha_sweep/refined/refined_missing_drift_savgol_w5_p2_ddpm_prior_masked_blend_v2_alpha0.10.npy,9.009508496659551e-05,65,11298,5117,6246,721460,685387
canonical_room3_wall_door_v1,refinement_alpha_sweep,,missing_drift,savgol_w5_p2,ddpm_prior_masked_blend_v2_alpha0.25,ddpm_prior_masked_blend_v2_alpha0.25,0.25,/Users/shangshanchong/Desktop/pytorch_env_check/trajectory_ddpm_mvp/SingularTrajectory/outputs/stage3/refinement/alpha_sweep/refined/refined_missing_drift_savgol_w5_p2_ddpm_prior_masked_blend_v2_alpha0.25.npy,9.425331965736146e-05,68,11322,5122,6270,721460,685387
canonical_room3_wall_door_v1,refinement_alpha_sweep,,missing_drift,savgol_w5_p2,ddpm_prior_masked_blend_v2_alpha0.50,ddpm_prior_masked_blend_v2_alpha0.50,0.5,/Users/shangshanchong/Desktop/pytorch_env_check/trajectory_ddpm_mvp/SingularTrajectory/outputs/stage3/refinement/alpha_sweep/refined/refined_missing_drift_savgol_w5_p2_ddpm_prior_masked_blend_v2_alpha0.50.npy,0.0001150444931111912,83,11576,5212,6454,721460,685387
canonical_room3_wall_door_v1,refinement_alpha_sweep,,missing_drift,savgol_w5_p2,ddpm_prior_masked_blend_v2_alpha0.75,ddpm_prior_masked_blend_v2_alpha0.75,0.75,/Users/shangshanchong/Desktop/pytorch_env_check/trajectory_ddpm_mvp/SingularTrajectory/outputs/stage3/refinement/alpha_sweep/refined/refined_missing_drift_savgol_w5_p2_ddpm_prior_masked_blend_v2_alpha0.75.npy,0.00013999390125578686,101,12206,5525,6793,721460,685387
canonical_room3_wall_door_v1,refinement_alpha_sweep,,missing_drift,savgol_w5_p2,ddpm_prior_masked_blend_v2_alpha1.00,ddpm_prior_masked_blend_v2_alpha1.00,1.0,/Users/shangshanchong/Desktop/pytorch_env_check/trajectory_ddpm_mvp/SingularTrajectory/outputs/stage3/refinement/alpha_sweep/refined/refined_missing_drift_savgol_w5_p2_ddpm_prior_masked_blend_v2_alpha1.00.npy,0.0001704876223214038,123,12881,5865,7156,721460,685387
canonical_room3_wall_door_v1,refinement_alpha_sweep,,missing_noise_drift,kalman_cv_dt1.0_q1e-3_r1e-2,ddpm_prior_masked_blend_v2_alpha0.00,ddpm_prior_masked_blend_v2_alpha0.00,0.0,/Users/shangshanchong/Desktop/pytorch_env_check/trajectory_ddpm_mvp/SingularTrajectory/outputs/stage3/refinement/alpha_sweep/refined/refined_missing_noise_drift_kalman_cv_dt1.0_q1e-3_r1e-2_ddpm_prior_masked_blend_v2_alpha0.00.npy,0.000338203088182297,244,14788,5885,9210,721460,685387
canonical_room3_wall_door_v1,refinement_alpha_sweep,,missing_noise_drift,kalman_cv_dt1.0_q1e-3_r1e-2,ddpm_prior_masked_blend_v2_alpha0.05,ddpm_prior_masked_blend_v2_alpha0.05,0.05,/Users/shangshanchong/Desktop/pytorch_env_check/trajectory_ddpm_mvp/SingularTrajectory/outputs/stage3/refinement/alpha_sweep/refined/refined_missing_noise_drift_kalman_cv_dt1.0_q1e-3_r1e-2_ddpm_prior_masked_blend_v2_alpha0.05.npy,0.0003298866188007651,238,14718,5859,9159,721460,685387
canonical_room3_wall_door_v1,refinement_alpha_sweep,,missing_noise_drift,kalman_cv_dt1.0_q1e-3_r1e-2,ddpm_prior_masked_blend_v2_alpha0.10,ddpm_prior_masked_blend_v2_alpha0.10,0.1,/Users/shangshanchong/Desktop/pytorch_env_check/trajectory_ddpm_mvp/SingularTrajectory/outputs/stage3/refinement/alpha_sweep/refined/refined_missing_noise_drift_kalman_cv_dt1.0_q1e-3_r1e-2_ddpm_prior_masked_blend_v2_alpha0.10.npy,0.0003243423058797439,234,14632,5824,9104,721460,685387
canonical_room3_wall_door_v1,refinement_alpha_sweep,,missing_noise_drift,kalman_cv_dt1.0_q1e-3_r1e-2,ddpm_prior_masked_blend_v2_alpha0.25,ddpm_prior_masked_blend_v2_alpha0.25,0.25,/Users/shangshanchong/Desktop/pytorch_env_check/trajectory_ddpm_mvp/SingularTrajectory/outputs/stage3/refinement/alpha_sweep/refined/refined_missing_noise_drift_kalman_cv_dt1.0_q1e-3_r1e-2_ddpm_prior_masked_blend_v2_alpha0.25.npy,0.00031463975826795664,227,14466,5762,8987,721460,685387
canonical_room3_wall_door_v1,refinement_alpha_sweep,,missing_noise_drift,kalman_cv_dt1.0_q1e-3_r1e-2,ddpm_prior_masked_blend_v2_alpha0.50,ddpm_prior_masked_blend_v2_alpha0.50,0.5,/Users/shangshanchong/Desktop/pytorch_env_check/trajectory_ddpm_mvp/SingularTrajectory/outputs/stage3/refinement/alpha_sweep/refined/refined_missing_noise_drift_kalman_cv_dt1.0_q1e-3_r1e-2_ddpm_prior_masked_blend_v2_alpha0.50.npy,0.0002938485848141269,212,14438,5758,8936,721460,685387
canonical_room3_wall_door_v1,refinement_alpha_sweep,,missing_noise_drift,kalman_cv_dt1.0_q1e-3_r1e-2,ddpm_prior_masked_blend_v2_alpha0.75,ddpm_prior_masked_blend_v2_alpha0.75,0.75,/Users/shangshanchong/Desktop/pytorch_env_check/trajectory_ddpm_mvp/SingularTrajectory/outputs/stage3/refinement/alpha_sweep/refined/refined_missing_noise_drift_kalman_cv_dt1.0_q1e-3_r1e-2_ddpm_prior_masked_blend_v2_alpha0.75.npy,0.0002952346630443822,213,14952,6022,9185,721460,685387
canonical_room3_wall_door_v1,refinement_alpha_sweep,,missing_noise_drift,kalman_cv_dt1.0_q1e-3_r1e-2,ddpm_prior_masked_blend_v2_alpha1.00,ddpm_prior_masked_blend_v2_alpha1.00,1.0,/Users/shangshanchong/Desktop/pytorch_env_check/trajectory_ddpm_mvp/SingularTrajectory/outputs/stage3/refinement/alpha_sweep/refined/refined_missing_noise_drift_kalman_cv_dt1.0_q1e-3_r1e-2_ddpm_prior_masked_blend_v2_alpha1.00.npy,0.0003104815235771907,224,15548,6335,9480,721460,685387
canonical_room3_wall_door_v1,refinement_alpha_sweep,,missing_noise_drift,linear_interp,ddpm_prior_masked_blend_v2_alpha0.00,ddpm_prior_masked_blend_v2_alpha0.00,0.0,/Users/shangshanchong/Desktop/pytorch_env_check/trajectory_ddpm_mvp/SingularTrajectory/outputs/stage3/refinement/alpha_sweep/refined/refined_missing_noise_drift_linear_interp_ddpm_prior_masked_blend_v2_alpha0.00.npy,0.0003215701494192332,232,17502,6461,11347,721460,685387
canonical_room3_wall_door_v1,refinement_alpha_sweep,,missing_noise_drift,linear_interp,ddpm_prior_masked_blend_v2_alpha0.05,ddpm_prior_masked_blend_v2_alpha0.05,0.05,/Users/shangshanchong/Desktop/pytorch_env_check/trajectory_ddpm_mvp/SingularTrajectory/outputs/stage3/refinement/alpha_sweep/refined/refined_missing_noise_drift_linear_interp_ddpm_prior_masked_blend_v2_alpha0.05.npy,0.0003243423058797439,234,17502,6461,11349,721460,685387
canonical_room3_wall_door_v1,refinement_alpha_sweep,,missing_noise_drift,linear_interp,ddpm_prior_masked_blend_v2_alpha0.10,ddpm_prior_masked_blend_v2_alpha0.10,0.1,/Users/shangshanchong/Desktop/pytorch_env_check/trajectory_ddpm_mvp/SingularTrajectory/outputs/stage3/refinement/alpha_sweep/refined/refined_missing_noise_drift_linear_interp_ddpm_prior_masked_blend_v2_alpha0.10.npy,0.00032295622764948856,233,17513,6463,11357,721460,685387
canonical_room3_wall_door_v1,refinement_alpha_sweep,,missing_noise_drift,linear_interp,ddpm_prior_masked_blend_v2_alpha0.25,ddpm_prior_masked_blend_v2_alpha0.25,0.25,/Users/shangshanchong/Desktop/pytorch_env_check/trajectory_ddpm_mvp/SingularTrajectory/outputs/stage3/refinement/alpha_sweep/refined/refined_missing_noise_drift_linear_interp_ddpm_prior_masked_blend_v2_alpha0.25.npy,0.0003298866188007651,238,17540,6468,11384,721460,685387
canonical_room3_wall_door_v1,refinement_alpha_sweep,,missing_noise_drift,linear_interp,ddpm_prior_masked_blend_v2_alpha0.50,ddpm_prior_masked_blend_v2_alpha0.50,0.5,/Users/shangshanchong/Desktop/pytorch_env_check/trajectory_ddpm_mvp/SingularTrajectory/outputs/stage3/refinement/alpha_sweep/refined/refined_missing_noise_drift_linear_interp_ddpm_prior_masked_blend_v2_alpha0.50.npy,0.0003395891664125523,245,17848,6595,11572,721460,685387
canonical_room3_wall_door_v1,refinement_alpha_sweep,,missing_noise_drift,linear_interp,ddpm_prior_masked_blend_v2_alpha0.75,ddpm_prior_masked_blend_v2_alpha0.75,0.75,/Users/shangshanchong/Desktop/pytorch_env_check/trajectory_ddpm_mvp/SingularTrajectory/outputs/stage3/refinement/alpha_sweep/refined/refined_missing_noise_drift_linear_interp_ddpm_prior_masked_blend_v2_alpha0.75.npy,0.00035899426163612673,259,18464,6915,11884,721460,685387
canonical_room3_wall_door_v1,refinement_alpha_sweep,,missing_noise_drift,linear_interp,ddpm_prior_masked_blend_v2_alpha1.00,ddpm_prior_masked_blend_v2_alpha1.00,1.0,/Users/shangshanchong/Desktop/pytorch_env_check/trajectory_ddpm_mvp/SingularTrajectory/outputs/stage3/refinement/alpha_sweep/refined/refined_missing_noise_drift_linear_interp_ddpm_prior_masked_blend_v2_alpha1.00.npy,0.0003714689657084246,268,19166,7223,12291,721460,685387
canonical_room3_wall_door_v1,refinement_alpha_sweep,,missing_noise_drift,savgol_w5_p2,ddpm_prior_masked_blend_v2_alpha0.00,ddpm_prior_masked_blend_v2_alpha0.00,0.0,/Users/shangshanchong/Desktop/pytorch_env_check/trajectory_ddpm_mvp/SingularTrajectory/outputs/stage3/refinement/alpha_sweep/refined/refined_missing_noise_drift_savgol_w5_p2_ddpm_prior_masked_blend_v2_alpha0.00.npy,0.00026058270728799936,188,13523,5522,8215,721460,685387
canonical_room3_wall_door_v1,refinement_alpha_sweep,,missing_noise_drift,savgol_w5_p2,ddpm_prior_masked_blend_v2_alpha0.05,ddpm_prior_masked_blend_v2_alpha0.05,0.05,/Users/shangshanchong/Desktop/pytorch_env_check/trajectory_ddpm_mvp/SingularTrajectory/outputs/stage3/refinement/alpha_sweep/refined/refined_missing_noise_drift_savgol_w5_p2_ddpm_prior_masked_blend_v2_alpha0.05.npy,0.0002647409419787653,191,13521,5522,8217,721460,685387
canonical_room3_wall_door_v1,refinement_alpha_sweep,,missing_noise_drift,savgol_w5_p2,ddpm_prior_masked_blend_v2_alpha0.10,ddpm_prior_masked_blend_v2_alpha0.10,0.1,/Users/shangshanchong/Desktop/pytorch_env_check/trajectory_ddpm_mvp/SingularTrajectory/outputs/stage3/refinement/alpha_sweep/refined/refined_missing_noise_drift_savgol_w5_p2_ddpm_prior_masked_blend_v2_alpha0.10.npy,0.00026335486374851,190,13522,5522,8215,721460,685387
canonical_room3_wall_door_v1,refinement_alpha_sweep,,missing_noise_drift,savgol_w5_p2,ddpm_prior_masked_blend_v2_alpha0.25,ddpm_prior_masked_blend_v2_alpha0.25,0.25,/Users/shangshanchong/Desktop/pytorch_env_check/trajectory_ddpm_mvp/SingularTrajectory/outputs/stage3/refinement/alpha_sweep/refined/refined_missing_noise_drift_savgol_w5_p2_ddpm_prior_masked_blend_v2_alpha0.25.npy,0.00027028525489978655,195,13549,5524,8247,721460,685387
canonical_room3_wall_door_v1,refinement_alpha_sweep,,missing_noise_drift,savgol_w5_p2,ddpm_prior_masked_blend_v2_alpha0.50,ddpm_prior_masked_blend_v2_alpha0.50,0.5,/Users/shangshanchong/Desktop/pytorch_env_check/trajectory_ddpm_mvp/SingularTrajectory/outputs/stage3/refinement/alpha_sweep/refined/refined_missing_noise_drift_savgol_w5_p2_ddpm_prior_masked_blend_v2_alpha0.50.npy,0.0002772156460510631,200,13801,5639,8389,721460,685387
canonical_room3_wall_door_v1,refinement_alpha_sweep,,missing_noise_drift,savgol_w5_p2,ddpm_prior_masked_blend_v2_alpha0.75,ddpm_prior_masked_blend_v2_alpha0.75,0.75,/Users/shangshanchong/Desktop/pytorch_env_check/trajectory_ddpm_mvp/SingularTrajectory/outputs/stage3/refinement/alpha_sweep/refined/refined_missing_noise_drift_savgol_w5_p2_ddpm_prior_masked_blend_v2_alpha0.75.npy,0.00029800681950489284,215,14377,5947,8676,721460,685387
canonical_room3_wall_door_v1,refinement_alpha_sweep,,missing_noise_drift,savgol_w5_p2,ddpm_prior_masked_blend_v2_alpha1.00,ddpm_prior_masked_blend_v2_alpha1.00,1.0,/Users/shangshanchong/Desktop/pytorch_env_check/trajectory_ddpm_mvp/SingularTrajectory/outputs/stage3/refinement/alpha_sweep/refined/refined_missing_noise_drift_savgol_w5_p2_ddpm_prior_masked_blend_v2_alpha1.00.npy,0.0003090954453469354,223,15017,6234,9039,721460,685387
canonical_room3_wall_door_v1,refinement_alpha_sweep,,missing_noise,kalman_cv_dt1.0_q1e-3_r1e-2,ddpm_prior_masked_blend_v2_alpha0.00,ddpm_prior_masked_blend_v2_alpha0.00,0.0,/Users/shangshanchong/Desktop/pytorch_env_check/trajectory_ddpm_mvp/SingularTrajectory/outputs/stage3/refinement/alpha_sweep/refined/refined_missing_noise_kalman_cv_dt1.0_q1e-3_r1e-2_ddpm_prior_masked_blend_v2_alpha0.00.npy,0.00017325977878191446,125,14778,5742,9211,721460,685387
canonical_room3_wall_door_v1,refinement_alpha_sweep,,missing_noise,kalman_cv_dt1.0_q1e-3_r1e-2,ddpm_prior_masked_blend_v2_alpha0.05,ddpm_prior_masked_blend_v2_alpha0.05,0.05,/Users/shangshanchong/Desktop/pytorch_env_check/trajectory_ddpm_mvp/SingularTrajectory/outputs/stage3/refinement/alpha_sweep/refined/refined_missing_noise_kalman_cv_dt1.0_q1e-3_r1e-2_ddpm_prior_masked_blend_v2_alpha0.05.npy,0.00016771546586089319,121,14718,5726,9162,721460,685387
canonical_room3_wall_door_v1,refinement_alpha_sweep,,missing_noise,kalman_cv_dt1.0_q1e-3_r1e-2,ddpm_prior_masked_blend_v2_alpha0.10,ddpm_prior_masked_blend_v2_alpha0.10,0.1,/Users/shangshanchong/Desktop/pytorch_env_check/trajectory_ddpm_mvp/SingularTrajectory/outputs/stage3/refinement/alpha_sweep/refined/refined_missing_noise_kalman_cv_dt1.0_q1e-3_r1e-2_ddpm_prior_masked_blend_v2_alpha0.10.npy,0.00016217115293987194,117,14646,5708,9103,721460,685387
canonical_room3_wall_door_v1,refinement_alpha_sweep,,missing_noise,kalman_cv_dt1.0_q1e-3_r1e-2,ddpm_prior_masked_blend_v2_alpha0.25,ddpm_prior_masked_blend_v2_alpha0.25,0.25,/Users/shangshanchong/Desktop/pytorch_env_check/trajectory_ddpm_mvp/SingularTrajectory/outputs/stage3/refinement/alpha_sweep/refined/refined_missing_noise_kalman_cv_dt1.0_q1e-3_r1e-2_ddpm_prior_masked_blend_v2_alpha0.25.npy,0.00014692429240706345,106,14473,5647,8974,721460,685387
canonical_room3_wall_door_v1,refinement_alpha_sweep,,missing_noise,kalman_cv_dt1.0_q1e-3_r1e-2,ddpm_prior_masked_blend_v2_alpha0.50,ddpm_prior_masked_blend_v2_alpha0.50,0.5,/Users/shangshanchong/Desktop/pytorch_env_check/trajectory_ddpm_mvp/SingularTrajectory/outputs/stage3/refinement/alpha_sweep/refined/refined_missing_noise_kalman_cv_dt1.0_q1e-3_r1e-2_ddpm_prior_masked_blend_v2_alpha0.50.npy,0.00013583566656502093,98,14426,5643,8914,721460,685387
canonical_room3_wall_door_v1,refinement_alpha_sweep,,missing_noise,kalman_cv_dt1.0_q1e-3_r1e-2,ddpm_prior_masked_blend_v2_alpha0.75,ddpm_prior_masked_blend_v2_alpha0.75,0.75,/Users/shangshanchong/Desktop/pytorch_env_check/trajectory_ddpm_mvp/SingularTrajectory/outputs/stage3/refinement/alpha_sweep/refined/refined_missing_noise_kalman_cv_dt1.0_q1e-3_r1e-2_ddpm_prior_masked_blend_v2_alpha0.75.npy,0.00013722174479527624,99,14914,5877,9169,721460,685387
canonical_room3_wall_door_v1,refinement_alpha_sweep,,missing_noise,kalman_cv_dt1.0_q1e-3_r1e-2,ddpm_prior_masked_blend_v2_alpha1.00,ddpm_prior_masked_blend_v2_alpha1.00,1.0,/Users/shangshanchong/Desktop/pytorch_env_check/trajectory_ddpm_mvp/SingularTrajectory/outputs/stage3/refinement/alpha_sweep/refined/refined_missing_noise_kalman_cv_dt1.0_q1e-3_r1e-2_ddpm_prior_masked_blend_v2_alpha1.00.npy,0.0001593989964793613,115,15560,6234,9479,721460,685387
canonical_room3_wall_door_v1,refinement_alpha_sweep,,missing_noise,linear_interp,ddpm_prior_masked_blend_v2_alpha0.00,ddpm_prior_masked_blend_v2_alpha0.00,0.0,/Users/shangshanchong/Desktop/pytorch_env_check/trajectory_ddpm_mvp/SingularTrajectory/outputs/stage3/refinement/alpha_sweep/refined/refined_missing_noise_linear_interp_ddpm_prior_masked_blend_v2_alpha0.00.npy,0.00015524076178859535,112,17538,6357,11339,721460,685387
canonical_room3_wall_door_v1,refinement_alpha_sweep,,missing_noise,linear_interp,ddpm_prior_masked_blend_v2_alpha0.05,ddpm_prior_masked_blend_v2_alpha0.05,0.05,/Users/shangshanchong/Desktop/pytorch_env_check/trajectory_ddpm_mvp/SingularTrajectory/outputs/stage3/refinement/alpha_sweep/refined/refined_missing_noise_linear_interp_ddpm_prior_masked_blend_v2_alpha0.05.npy,0.00015662684001885066,113,17538,6357,11340,721460,685387
canonical_room3_wall_door_v1,refinement_alpha_sweep,,missing_noise,linear_interp,ddpm_prior_masked_blend_v2_alpha0.10,ddpm_prior_masked_blend_v2_alpha0.10,0.1,/Users/shangshanchong/Desktop/pytorch_env_check/trajectory_ddpm_mvp/SingularTrajectory/outputs/stage3/refinement/alpha_sweep/refined/refined_missing_noise_linear_interp_ddpm_prior_masked_blend_v2_alpha0.10.npy,0.00015524076178859535,112,17544,6357,11345,721460,685387
canonical_room3_wall_door_v1,refinement_alpha_sweep,,missing_noise,linear_interp,ddpm_prior_masked_blend_v2_alpha0.25,ddpm_prior_masked_blend_v2_alpha0.25,0.25,/Users/shangshanchong/Desktop/pytorch_env_check/trajectory_ddpm_mvp/SingularTrajectory/outputs/stage3/refinement/alpha_sweep/refined/refined_missing_noise_linear_interp_ddpm_prior_masked_blend_v2_alpha0.25.npy,0.0001593989964793613,115,17592,6369,11384,721460,685387
canonical_room3_wall_door_v1,refinement_alpha_sweep,,missing_noise,linear_interp,ddpm_prior_masked_blend_v2_alpha0.50,ddpm_prior_masked_blend_v2_alpha0.50,0.5,/Users/shangshanchong/Desktop/pytorch_env_check/trajectory_ddpm_mvp/SingularTrajectory/outputs/stage3/refinement/alpha_sweep/refined/refined_missing_noise_linear_interp_ddpm_prior_masked_blend_v2_alpha0.50.npy,0.00016494330940038256,119,17860,6486,11542,721460,685387
canonical_room3_wall_door_v1,refinement_alpha_sweep,,missing_noise,linear_interp,ddpm_prior_masked_blend_v2_alpha0.75,ddpm_prior_masked_blend_v2_alpha0.75,0.75,/Users/shangshanchong/Desktop/pytorch_env_check/trajectory_ddpm_mvp/SingularTrajectory/outputs/stage3/refinement/alpha_sweep/refined/refined_missing_noise_linear_interp_ddpm_prior_masked_blend_v2_alpha0.75.npy,0.00019127879577523354,138,18482,6800,11873,721460,685387
canonical_room3_wall_door_v1,refinement_alpha_sweep,,missing_noise,linear_interp,ddpm_prior_masked_blend_v2_alpha1.00,ddpm_prior_masked_blend_v2_alpha1.00,1.0,/Users/shangshanchong/Desktop/pytorch_env_check/trajectory_ddpm_mvp/SingularTrajectory/outputs/stage3/refinement/alpha_sweep/refined/refined_missing_noise_linear_interp_ddpm_prior_masked_blend_v2_alpha1.00.npy,0.00021206996922906328,153,19154,7120,12243,721460,685387
canonical_room3_wall_door_v1,refinement_alpha_sweep,,missing_noise,savgol_w5_p2,ddpm_prior_masked_blend_v2_alpha0.00,ddpm_prior_masked_blend_v2_alpha0.00,0.0,/Users/shangshanchong/Desktop/pytorch_env_check/trajectory_ddpm_mvp/SingularTrajectory/outputs/stage3/refinement/alpha_sweep/refined/refined_missing_noise_savgol_w5_p2_ddpm_prior_masked_blend_v2_alpha0.00.npy,0.00010395586726914867,75,13439,5425,8100,721460,685387
canonical_room3_wall_door_v1,refinement_alpha_sweep,,missing_noise,savgol_w5_p2,ddpm_prior_masked_blend_v2_alpha0.05,ddpm_prior_masked_blend_v2_alpha0.05,0.05,/Users/shangshanchong/Desktop/pytorch_env_check/trajectory_ddpm_mvp/SingularTrajectory/outputs/stage3/refinement/alpha_sweep/refined/refined_missing_noise_savgol_w5_p2_ddpm_prior_masked_blend_v2_alpha0.05.npy,0.00010534194549940398,76,13433,5422,8099,721460,685387
canonical_room3_wall_door_v1,refinement_alpha_sweep,,missing_noise,savgol_w5_p2,ddpm_prior_masked_blend_v2_alpha0.10,ddpm_prior_masked_blend_v2_alpha0.10,0.1,/Users/shangshanchong/Desktop/pytorch_env_check/trajectory_ddpm_mvp/SingularTrajectory/outputs/stage3/refinement/alpha_sweep/refined/refined_missing_noise_savgol_w5_p2_ddpm_prior_masked_blend_v2_alpha0.10.npy,0.00010395586726914867,75,13439,5423,8102,721460,685387
canonical_room3_wall_door_v1,refinement_alpha_sweep,,missing_noise,savgol_w5_p2,ddpm_prior_masked_blend_v2_alpha0.25,ddpm_prior_masked_blend_v2_alpha0.25,0.25,/Users/shangshanchong/Desktop/pytorch_env_check/trajectory_ddpm_mvp/SingularTrajectory/outputs/stage3/refinement/alpha_sweep/refined/refined_missing_noise_savgol_w5_p2_ddpm_prior_masked_blend_v2_alpha0.25.npy,0.00010811410195991462,78,13441,5428,8104,721460,685387
canonical_room3_wall_door_v1,refinement_alpha_sweep,,missing_noise,savgol_w5_p2,ddpm_prior_masked_blend_v2_alpha0.50,ddpm_prior_masked_blend_v2_alpha0.50,0.5,/Users/shangshanchong/Desktop/pytorch_env_check/trajectory_ddpm_mvp/SingularTrajectory/outputs/stage3/refinement/alpha_sweep/refined/refined_missing_noise_savgol_w5_p2_ddpm_prior_masked_blend_v2_alpha0.50.npy,0.00011781664957170183,85,13673,5520,8255,721460,685387
canonical_room3_wall_door_v1,refinement_alpha_sweep,,missing_noise,savgol_w5_p2,ddpm_prior_masked_blend_v2_alpha0.75,ddpm_prior_masked_blend_v2_alpha0.75,0.75,/Users/shangshanchong/Desktop/pytorch_env_check/trajectory_ddpm_mvp/SingularTrajectory/outputs/stage3/refinement/alpha_sweep/refined/refined_missing_noise_savgol_w5_p2_ddpm_prior_masked_blend_v2_alpha0.75.npy,0.00014276605771629752,103,14211,5810,8525,721460,685387
canonical_room3_wall_door_v1,refinement_alpha_sweep,,missing_noise,savgol_w5_p2,ddpm_prior_masked_blend_v2_alpha1.00,ddpm_prior_masked_blend_v2_alpha1.00,1.0,/Users/shangshanchong/Desktop/pytorch_env_check/trajectory_ddpm_mvp/SingularTrajectory/outputs/stage3/refinement/alpha_sweep/refined/refined_missing_noise_savgol_w5_p2_ddpm_prior_masked_blend_v2_alpha1.00.npy,0.00016632938763063787,120,14885,6124,8907,721460,685387
canonical_room3_wall_door_v1,refinement_alpha_sweep,,missing_only,kalman_cv_dt1.0_q1e-3_r1e-2,ddpm_prior_masked_blend_v2_alpha0.00,ddpm_prior_masked_blend_v2_alpha0.00,0.0,/Users/shangshanchong/Desktop/pytorch_env_check/trajectory_ddpm_mvp/SingularTrajectory/outputs/stage3/refinement/alpha_sweep/refined/refined_missing_only_kalman_cv_dt1.0_q1e-3_r1e-2_ddpm_prior_masked_blend_v2_alpha0.00.npy,6.375959859174451e-05,46,11722,5156,6634,721460,685387
canonical_room3_wall_door_v1,refinement_alpha_sweep,,missing_only,kalman_cv_dt1.0_q1e-3_r1e-2,ddpm_prior_masked_blend_v2_alpha0.05,ddpm_prior_masked_blend_v2_alpha0.05,0.05,/Users/shangshanchong/Desktop/pytorch_env_check/trajectory_ddpm_mvp/SingularTrajectory/outputs/stage3/refinement/alpha_sweep/refined/refined_missing_only_kalman_cv_dt1.0_q1e-3_r1e-2_ddpm_prior_masked_blend_v2_alpha0.05.npy,5.821528567072325e-05,42,11636,5125,6575,721460,685387
canonical_room3_wall_door_v1,refinement_alpha_sweep,,missing_only,kalman_cv_dt1.0_q1e-3_r1e-2,ddpm_prior_masked_blend_v2_alpha0.10,ddpm_prior_masked_blend_v2_alpha0.10,0.1,/Users/shangshanchong/Desktop/pytorch_env_check/trajectory_ddpm_mvp/SingularTrajectory/outputs/stage3/refinement/alpha_sweep/refined/refined_missing_only_kalman_cv_dt1.0_q1e-3_r1e-2_ddpm_prior_masked_blend_v2_alpha0.10.npy,5.267097274970199e-05,38,11578,5106,6530,721460,685387
canonical_room3_wall_door_v1,refinement_alpha_sweep,,missing_only,kalman_cv_dt1.0_q1e-3_r1e-2,ddpm_prior_masked_blend_v2_alpha0.25,ddpm_prior_masked_blend_v2_alpha0.25,0.25,/Users/shangshanchong/Desktop/pytorch_env_check/trajectory_ddpm_mvp/SingularTrajectory/outputs/stage3/refinement/alpha_sweep/refined/refined_missing_only_kalman_cv_dt1.0_q1e-3_r1e-2_ddpm_prior_masked_blend_v2_alpha0.25.npy,4.158234690765947e-05,30,11446,5066,6427,721460,685387
canonical_room3_wall_door_v1,refinement_alpha_sweep,,missing_only,kalman_cv_dt1.0_q1e-3_r1e-2,ddpm_prior_masked_blend_v2_alpha0.50,ddpm_prior_masked_blend_v2_alpha0.50,0.5,/Users/shangshanchong/Desktop/pytorch_env_check/trajectory_ddpm_mvp/SingularTrajectory/outputs/stage3/refinement/alpha_sweep/refined/refined_missing_only_kalman_cv_dt1.0_q1e-3_r1e-2_ddpm_prior_masked_blend_v2_alpha0.50.npy,2.494940814459568e-05,18,11472,5074,6426,721460,685387
canonical_room3_wall_door_v1,refinement_alpha_sweep,,missing_only,kalman_cv_dt1.0_q1e-3_r1e-2,ddpm_prior_masked_blend_v2_alpha0.75,ddpm_prior_masked_blend_v2_alpha0.75,0.75,/Users/shangshanchong/Desktop/pytorch_env_check/trajectory_ddpm_mvp/SingularTrajectory/outputs/stage3/refinement/alpha_sweep/refined/refined_missing_only_kalman_cv_dt1.0_q1e-3_r1e-2_ddpm_prior_masked_blend_v2_alpha0.75.npy,6.653175505225515e-05,48,12060,5363,6763,721460,685387
canonical_room3_wall_door_v1,refinement_alpha_sweep,,missing_only,kalman_cv_dt1.0_q1e-3_r1e-2,ddpm_prior_masked_blend_v2_alpha1.00,ddpm_prior_masked_blend_v2_alpha1.00,1.0,/Users/shangshanchong/Desktop/pytorch_env_check/trajectory_ddpm_mvp/SingularTrajectory/outputs/stage3/refinement/alpha_sweep/refined/refined_missing_only_kalman_cv_dt1.0_q1e-3_r1e-2_ddpm_prior_masked_blend_v2_alpha1.00.npy,0.00010534194549940398,76,12760,5717,7143,721460,685387
canonical_room3_wall_door_v1,refinement_alpha_sweep,,missing_only,linear_interp,ddpm_prior_masked_blend_v2_alpha0.00,ddpm_prior_masked_blend_v2_alpha0.00,0.0,/Users/shangshanchong/Desktop/pytorch_env_check/trajectory_ddpm_mvp/SingularTrajectory/outputs/stage3/refinement/alpha_sweep/refined/refined_missing_only_linear_interp_ddpm_prior_masked_blend_v2_alpha0.00.npy,0.0,0,11223,5014,6209,721460,685387
canonical_room3_wall_door_v1,refinement_alpha_sweep,,missing_only,linear_interp,ddpm_prior_masked_blend_v2_alpha0.05,ddpm_prior_masked_blend_v2_alpha0.05,0.05,/Users/shangshanchong/Desktop/pytorch_env_check/trajectory_ddpm_mvp/SingularTrajectory/outputs/stage3/refinement/alpha_sweep/refined/refined_missing_only_linear_interp_ddpm_prior_masked_blend_v2_alpha0.05.npy,0.0,0,11229,5006,6223,721460,685387
canonical_room3_wall_door_v1,refinement_alpha_sweep,,missing_only,linear_interp,ddpm_prior_masked_blend_v2_alpha0.10,ddpm_prior_masked_blend_v2_alpha0.10,0.1,/Users/shangshanchong/Desktop/pytorch_env_check/trajectory_ddpm_mvp/SingularTrajectory/outputs/stage3/refinement/alpha_sweep/refined/refined_missing_only_linear_interp_ddpm_prior_masked_blend_v2_alpha0.10.npy,0.0,0,11231,5002,6229,721460,685387
canonical_room3_wall_door_v1,refinement_alpha_sweep,,missing_only,linear_interp,ddpm_prior_masked_blend_v2_alpha0.25,ddpm_prior_masked_blend_v2_alpha0.25,0.25,/Users/shangshanchong/Desktop/pytorch_env_check/trajectory_ddpm_mvp/SingularTrajectory/outputs/stage3/refinement/alpha_sweep/refined/refined_missing_only_linear_interp_ddpm_prior_masked_blend_v2_alpha0.25.npy,0.0,0,11259,5008,6251,721460,685387
canonical_room3_wall_door_v1,refinement_alpha_sweep,,missing_only,linear_interp,ddpm_prior_masked_blend_v2_alpha0.50,ddpm_prior_masked_blend_v2_alpha0.50,0.5,/Users/shangshanchong/Desktop/pytorch_env_check/trajectory_ddpm_mvp/SingularTrajectory/outputs/stage3/refinement/alpha_sweep/refined/refined_missing_only_linear_interp_ddpm_prior_masked_blend_v2_alpha0.50.npy,0.0,0,11513,5101,6412,721460,685387
canonical_room3_wall_door_v1,refinement_alpha_sweep,,missing_only,linear_interp,ddpm_prior_masked_blend_v2_alpha0.75,ddpm_prior_masked_blend_v2_alpha0.75,0.75,/Users/shangshanchong/Desktop/pytorch_env_check/trajectory_ddpm_mvp/SingularTrajectory/outputs/stage3/refinement/alpha_sweep/refined/refined_missing_only_linear_interp_ddpm_prior_masked_blend_v2_alpha0.75.npy,3.465195575638289e-05,25,12151,5423,6762,721460,685387
canonical_room3_wall_door_v1,refinement_alpha_sweep,,missing_only,linear_interp,ddpm_prior_masked_blend_v2_alpha1.00,ddpm_prior_masked_blend_v2_alpha1.00,1.0,/Users/shangshanchong/Desktop/pytorch_env_check/trajectory_ddpm_mvp/SingularTrajectory/outputs/stage3/refinement/alpha_sweep/refined/refined_missing_only_linear_interp_ddpm_prior_masked_blend_v2_alpha1.00.npy,6.930391151276578e-05,50,12823,5752,7135,721460,685387
canonical_room3_wall_door_v1,refinement_alpha_sweep,,missing_only,savgol_w5_p2,ddpm_prior_masked_blend_v2_alpha0.00,ddpm_prior_masked_blend_v2_alpha0.00,0.0,/Users/shangshanchong/Desktop/pytorch_env_check/trajectory_ddpm_mvp/SingularTrajectory/outputs/stage3/refinement/alpha_sweep/refined/refined_missing_only_savgol_w5_p2_ddpm_prior_masked_blend_v2_alpha0.00.npy,2.772156460510631e-06,2,11219,5018,6203,721460,685387
canonical_room3_wall_door_v1,refinement_alpha_sweep,,missing_only,savgol_w5_p2,ddpm_prior_masked_blend_v2_alpha0.05,ddpm_prior_masked_blend_v2_alpha0.05,0.05,/Users/shangshanchong/Desktop/pytorch_env_check/trajectory_ddpm_mvp/SingularTrajectory/outputs/stage3/refinement/alpha_sweep/refined/refined_missing_only_savgol_w5_p2_ddpm_prior_masked_blend_v2_alpha0.05.npy,2.772156460510631e-06,2,11219,5010,6211,721460,685387
canonical_room3_wall_door_v1,refinement_alpha_sweep,,missing_only,savgol_w5_p2,ddpm_prior_masked_blend_v2_alpha0.10,ddpm_prior_masked_blend_v2_alpha0.10,0.1,/Users/shangshanchong/Desktop/pytorch_env_check/trajectory_ddpm_mvp/SingularTrajectory/outputs/stage3/refinement/alpha_sweep/refined/refined_missing_only_savgol_w5_p2_ddpm_prior_masked_blend_v2_alpha0.10.npy,2.772156460510631e-06,2,11223,5005,6220,721460,685387
canonical_room3_wall_door_v1,refinement_alpha_sweep,,missing_only,savgol_w5_p2,ddpm_prior_masked_blend_v2_alpha0.25,ddpm_prior_masked_blend_v2_alpha0.25,0.25,/Users/shangshanchong/Desktop/pytorch_env_check/trajectory_ddpm_mvp/SingularTrajectory/outputs/stage3/refinement/alpha_sweep/refined/refined_missing_only_savgol_w5_p2_ddpm_prior_masked_blend_v2_alpha0.25.npy,2.772156460510631e-06,2,11249,5009,6242,721460,685387
canonical_room3_wall_door_v1,refinement_alpha_sweep,,missing_only,savgol_w5_p2,ddpm_prior_masked_blend_v2_alpha0.50,ddpm_prior_masked_blend_v2_alpha0.50,0.5,/Users/shangshanchong/Desktop/pytorch_env_check/trajectory_ddpm_mvp/SingularTrajectory/outputs/stage3/refinement/alpha_sweep/refined/refined_missing_only_savgol_w5_p2_ddpm_prior_masked_blend_v2_alpha0.50.npy,2.772156460510631e-06,2,11471,5090,6383,721460,685387
canonical_room3_wall_door_v1,refinement_alpha_sweep,,missing_only,savgol_w5_p2,ddpm_prior_masked_blend_v2_alpha0.75,ddpm_prior_masked_blend_v2_alpha0.75,0.75,/Users/shangshanchong/Desktop/pytorch_env_check/trajectory_ddpm_mvp/SingularTrajectory/outputs/stage3/refinement/alpha_sweep/refined/refined_missing_only_savgol_w5_p2_ddpm_prior_masked_blend_v2_alpha0.75.npy,3.742411221689352e-05,27,12117,5414,6739,721460,685387
canonical_room3_wall_door_v1,refinement_alpha_sweep,,missing_only,savgol_w5_p2,ddpm_prior_masked_blend_v2_alpha1.00,ddpm_prior_masked_blend_v2_alpha1.00,1.0,/Users/shangshanchong/Desktop/pytorch_env_check/trajectory_ddpm_mvp/SingularTrajectory/outputs/stage3/refinement/alpha_sweep/refined/refined_missing_only_savgol_w5_p2_ddpm_prior_masked_blend_v2_alpha1.00.npy,7.207606797327641e-05,52,12799,5746,7119,721460,685387
